,Name,Age,Tm,Lg,G,PA,AB,R,H,2B,3B,HR,RBI,SB,CS,BB,SO,BA,OBP,SLG,OPS,OPS+,TB,GDP,HBP,SH,SF,IBB,Career,Pos Summary,Salary
0,Jose Abreu\abreujo02,29.0,CHW,AL,159,695,624,67,183,32,1,25,100,0,2,47,125,0.293,0.353,0.46799999999999997,0.82,124.0,292,21,15,0,9,7,3,*3/D,13334000
1,Dustin Ackley*\ackledu01,28.0,NYY,AL,28,70,61,6,9,0,0,0,4,0,0,8,9,0.14800000000000002,0.243,0.14800000000000002,0.39,9.0,9,0,0,0,1,0,6,3/9D4,3200000
2,Cristhian Adames#\adamecr01,24.0,COL,NL,121,256,225,25,49,7,3,2,17,2,3,24,47,0.218,0.304,0.302,0.607,53.0,68,5,4,3,0,0,3,645,509500
3,Matt Adams*\adamsma01,27.0,STL,NL,118,327,297,37,74,18,0,16,54,0,1,25,81,0.249,0.309,0.47100000000000003,0.78,106.0,140,5,2,0,3,1,5,3,1650000
4,Ehire Adrianza#\adriaeh01,26.0,SFG,NL,40,71,63,3,16,2,0,2,7,0,1,2,13,0.254,0.299,0.381,0.679,83.0,24,0,2,4,0,0,4,6/45,512500
5,Nick Ahmed\ahmedni01,26.0,ARI,NL,90,308,284,26,62,9,1,4,20,5,2,15,58,0.218,0.265,0.299,0.564,46.0,85,9,4,2,3,3,3,6,521600
6,Hanser Alberto\alberha01,23.0,TEX,AL,35,58,56,2,8,1,0,0,5,1,0,0,17,0.14300000000000002,0.14300000000000002,0.161,0.304,-20.0,9,1,0,2,0,0,2,5/64D3,511500
7,Yonder Alonso*\alonsyo01,29.0,OAK,AL,156,532,482,52,122,34,0,7,56,3,1,45,74,0.253,0.316,0.3670000000000001,0.6829999999999999,88.0,177,15,1,0,4,1,7,*3/5D,2650000
8,Aaron Altherr\altheaa01,25.0,PHI,NL,57,227,198,23,39,6,0,4,22,7,2,23,69,0.19699999999999998,0.3,0.28800000000000003,0.5870000000000001,59.0,57,4,6,0,0,2,3,978,515500
9,Jose Altuve\altuvjo01,26.0,HOU,AL,161,717,640,108,216,42,5,24,96,30,10,60,70,0.33799999999999997,0.396,0.531,0.9279999999999999,155.0,340,15,7,3,7,11,6,*4D/6,3500000
10,Pedro Alvarez*\alvarpe01,29.0,BAL,AL,109,376,337,43,84,20,0,22,49,1,0,37,97,0.249,0.322,0.504,0.826,117.0,170,6,0,0,2,1,7,D5,5750000
11,Elvis Andrus\andruel01,27.0,TEX,AL,147,568,506,75,153,31,7,8,69,24,8,47,70,0.302,0.36200000000000004,0.439,0.8,110.0,222,18,4,4,7,2,8,*6,15000000
12,Nori Aoki*\aokino01,34.0,SEA,AL,118,467,417,63,118,24,4,4,28,7,9,34,45,0.28300000000000003,0.349,0.38799999999999996,0.738,104.0,162,9,9,5,1,0,5,*78,5500000
13,Oswaldo Arcia*\arciaos01,25.0,TOT/MIN/TBR/MIA/SDP,MLB/AL/NL,69,222,202,17,41,7,1,8,23,1,1,18,80,0.203,0.27,0.366,0.637,72.0,74,1,1,0,1,0,4,97/D,535000
14,Nolan Arenado\arenano01,25.0,COL,NL,160,696,618,116,182,35,6,41,133,2,3,68,103,0.294,0.36200000000000004,0.57,0.932,129.0,352,17,2,0,8,10,4,*5,5000000
15,Cody Asche*\ascheco01,26.0,PHI,NL,71,218,197,22,42,15,0,4,18,3,1,18,54,0.213,0.284,0.35,0.635,69.0,69,1,2,0,1,0,4,7,530000
16,Alex Avila*\avilaal01,29.0,CHW,AL,57,209,169,19,36,6,0,7,11,0,0,38,78,0.213,0.359,0.373,0.732,103.0,63,3,1,0,1,0,8,2/D,2500000
17,Javier Baez\baezja01,23.0,CHC,NL,142,450,421,50,115,19,1,14,59,12,3,15,108,0.273,0.314,0.423,0.737,94.0,178,8,11,1,2,3,3,546/37,521000
18,Austin Barnes\barneau01,26.0,LAD,NL,21,37,32,3,5,1,0,0,2,0,0,5,9,0.156,0.27,0.188,0.45799999999999996,28.0,6,0,0,0,0,0,2,/245,512500
19,Brandon Barnes\barnebr02,30.0,COL,NL,48,109,100,10,22,6,2,0,8,1,2,3,30,0.22,0.25,0.32,0.57,42.0,32,0,1,5,0,0,5,78/9,1000000
20,Tucker Barnhart#\barnhtu01,25.0,CIN,NL,115,420,377,34,97,23,1,7,51,1,0,36,72,0.257,0.32299999999999995,0.379,0.7020000000000001,86.0,143,12,2,2,3,8,3,2,517500
21,Jose Bautista\bautijo02,35.0,TOR,AL,116,517,423,68,99,24,1,22,69,2,2,87,103,0.23399999999999999,0.366,0.452,0.8170000000000001,118.0,191,21,3,0,4,1,13,9D/3,14000000
22,Gordon Beckham\beckhgo01,29.0,TOT/ATL/SFG,NL,88,279,245,25,52,16,1,5,31,1,0,26,52,0.212,0.294,0.34700000000000003,0.6409999999999999,72.0,85,12,4,0,4,1,8,456,1250000
23,Tim Beckham\beckhti01,26.0,TBR,AL,64,215,198,25,49,12,5,5,16,2,1,14,67,0.247,0.3,0.434,0.735,100.0,86,3,1,2,0,0,4,64/53D,514500
24,Brandon Belt*\beltbr01,28.0,SFG,NL,156,655,542,77,149,41,8,17,82,0,4,104,148,0.275,0.39399999999999996,0.474,0.868,135.0,257,7,5,0,4,4,6,*3/7,6200000
25,Adrian Beltre\beltrad01,37.0,TEX,AL,153,640,583,89,175,31,1,32,104,1,1,48,66,0.3,0.358,0.521,0.879,128.0,304,10,6,0,3,6,19,*5D,18000000
26,Mookie Betts\bettsmo01,23.0,BOS,AL,158,730,672,122,214,42,5,31,113,26,4,49,80,0.318,0.363,0.534,0.897,133.0,359,12,2,0,7,1,3,*9,566000
27,Charlie Blackmon*\blackch02,29.0,COL,NL,143,641,578,111,187,35,5,29,82,17,9,43,102,0.324,0.381,0.552,0.9329999999999999,130.0,319,2,13,3,4,4,6,*8,3500000
28,Andres Blanco#\blancan01,32.0,PHI,NL,90,209,190,26,48,15,1,4,21,2,3,11,41,0.253,0.316,0.405,0.721,92.0,77,7,7,0,1,0,13,5436/7,1450000
29,Gregor Blanco*\blancgr01,32.0,SFG,NL,106,274,241,28,54,10,4,1,18,6,3,29,51,0.22399999999999998,0.309,0.311,0.62,70.0,75,5,1,1,1,4,9,978,3900000
30,Jabari Blash\blashja01,26.0,SDP,NL,38,84,71,7,12,2,0,3,5,1,0,11,34,0.16899999999999998,0.298,0.324,0.622,70.0,23,3,2,0,0,0,1,9/7,507500
31,Xander Bogaerts\bogaexa01,23.0,BOS,AL,157,719,652,115,192,34,1,21,89,13,4,58,123,0.294,0.35600000000000004,0.446,0.802,111.0,291,14,6,0,3,0,4,*6,650500
32,Justin Bour*\bourju01,28.0,MIA,NL,90,321,280,35,74,12,1,15,51,0,0,38,56,0.264,0.349,0.475,0.8240000000000001,124.0,133,8,0,0,3,9,3,3/D,537500
33,Peter Bourjos\bourjpe01,29.0,PHI,NL,123,383,355,40,89,20,7,5,23,6,4,17,91,0.251,0.292,0.389,0.6809999999999999,81.0,138,6,4,6,1,2,7,*98,2000000
34,Jackie Bradley Jr.*\bradlja02,26.0,BOS,AL,156,636,558,94,149,30,7,26,87,9,2,63,143,0.267,0.349,0.486,0.835,118.0,271,10,10,0,5,5,4,*8,546500
35,Michael Brantley*\brantmi02,29.0,CLE,AL,11,43,39,5,9,2,0,0,7,1,0,3,6,0.231,0.27899999999999997,0.282,0.561,48.0,11,1,0,0,1,1,8,7,7375000
36,Ryan Braun\braunry02,32.0,MIL,NL,135,564,511,80,156,23,3,30,91,16,5,46,98,0.305,0.365,0.5379999999999999,0.903,135.0,275,20,4,0,3,10,10,*7/D9,20000000
37,Socrates Brito*\britoso01,23.0,ARI,NL,40,97,95,10,17,3,1,4,12,2,0,2,23,0.179,0.196,0.358,0.5539999999999999,39.0,34,3,0,0,0,0,2,89/7,508500
38,Trevor Brown\browntr01,24.0,SFG,NL,75,184,173,17,41,7,0,5,19,0,1,10,39,0.237,0.28300000000000003,0.364,0.647,74.0,63,2,1,0,0,0,2,2/D5,508000
39,Keon Broxton\broxtke01,26.0,MIL,NL,75,244,207,28,50,10,1,9,19,23,4,36,88,0.242,0.354,0.43,0.784,107.0,89,2,0,1,0,0,2,8,508500
40,Kris Bryant\bryankr01,24.0,CHC,NL,155,699,603,121,176,35,3,39,102,8,5,75,154,0.292,0.385,0.5539999999999999,0.9390000000000001,146.0,334,3,18,0,3,5,2,579/38D6,652000
41,Emmanuel Burriss#\burriem01,31.0,PHI,NL,39,50,45,3,5,1,1,0,0,1,0,2,10,0.111,0.184,0.17800000000000002,0.361,-2.0,8,1,2,1,0,0,9,/4763D,925000
42,Billy Butler\butlebi03,30.0,TOT/OAK/NYY,AL,97,274,250,27,71,18,0,5,35,0,0,21,42,0.284,0.336,0.41600000000000004,0.752,105.0,104,13,0,0,3,1,10,D3,11667000
43,Byron Buxton\buxtoby01,22.0,MIN,AL,92,331,298,44,67,19,6,10,38,10,2,23,118,0.225,0.284,0.43,0.7140000000000001,90.0,128,2,3,4,3,0,2,8,512500
44,Marlon Byrd\byrdma01,38.0,CLE,AL,34,129,115,11,31,6,0,5,19,0,0,11,38,0.27,0.326,0.452,0.778,100.0,52,1,0,0,3,1,15,97/D,1000000
45,Asdrubal Cabrera#\cabreas01,30.0,NYM,NL,141,568,521,65,146,30,1,23,62,5,1,38,103,0.28,0.336,0.474,0.81,117.0,247,14,7,0,2,3,10,*6,8250000
46,Melky Cabrera#\cabreme01,31.0,CHW,AL,151,646,591,70,175,42,5,14,86,2,0,47,69,0.29600000000000004,0.345,0.455,0.8,118.0,269,17,0,3,5,2,12,*7/D,14000000
47,Miguel Cabrera\cabremi01,33.0,DET,AL,158,679,595,92,188,31,1,38,108,0,0,75,116,0.316,0.39299999999999996,0.563,0.956,155.0,335,26,4,0,5,15,14,*3/D5,28000000
48,Lorenzo Cain\cainlo01,30.0,KCR,AL,103,434,397,56,114,19,1,9,56,14,5,31,84,0.287,0.33899999999999997,0.408,0.747,100.0,162,15,2,0,4,3,7,89,6500000
49,Kole Calhoun*\calhoko01,28.0,LAA,AL,157,672,594,91,161,35,5,18,75,2,3,67,118,0.271,0.348,0.43799999999999994,0.7859999999999999,116.0,260,10,6,0,5,0,5,*9/D,3400000
50,Eric Campbell\campber01,29.0,NYM,NL,40,88,75,9,13,1,0,1,9,1,0,10,24,0.17300000000000001,0.284,0.22699999999999998,0.511,42.0,17,2,2,0,1,1,3,3/574,513308
51,Mark Canha\canhama01,27.0,OAK,AL,16,44,41,4,5,0,0,3,6,0,1,0,20,0.122,0.14,0.341,0.48100000000000004,26.0,14,1,1,1,1,0,2,/3579D,512500
52,Robinson Cano*\canoro01,33.0,SEA,AL,161,715,655,107,195,33,2,39,103,0,1,47,100,0.298,0.35,0.5329999999999999,0.882,138.0,349,18,8,0,5,8,12,*4/D,24000000
53,Matt Carpenter*\carpema01,30.0,STL,NL,129,566,473,81,128,36,6,21,68,0,4,81,108,0.271,0.38,0.505,0.885,136.0,239,4,5,3,4,6,6,534/D,6500000
54,Ezequiel Carrera*\carreez01,29.0,TOR,AL,110,310,270,47,67,9,1,6,23,7,4,27,70,0.248,0.32299999999999995,0.35600000000000004,0.679,83.0,96,8,4,7,2,0,6,97/8D,521800
55,Chris Carter\cartech02,29.0,MIL,NL,160,644,549,84,122,27,1,41,94,3,1,76,206,0.222,0.321,0.499,0.821,113.0,274,18,9,0,10,1,7,*3/D,2500000
56,Curt Casali\casalcu01,27.0,TBR,AL,84,256,226,23,42,10,0,8,25,0,0,25,82,0.18600000000000005,0.273,0.336,0.609,68.0,76,2,2,3,0,1,3,2/D,513600
57,Nicholas Castellanos\casteni01,24.0,DET,AL,110,447,411,54,117,25,4,18,58,1,1,28,111,0.285,0.331,0.496,0.8270000000000001,120.0,204,4,3,0,5,1,4,5/D,536500
58,Rusney Castillo\castiru02,28.0,BOS,AL,9,8,8,4,2,1,0,0,0,0,0,0,3,0.25,0.25,0.375,0.625,62.0,3,0,0,0,0,0,3,/D789,11271000
59,Welington Castillo\castiwe01,29.0,ARI,NL,113,457,416,41,110,24,0,14,68,2,0,33,121,0.264,0.322,0.423,0.745,91.0,176,5,4,0,4,3,7,2/D,3700000
60,Jason Castro*\castrja01,29.0,HOU,AL,113,376,329,41,69,16,3,11,32,2,1,45,123,0.21,0.307,0.377,0.684,89.0,124,9,1,1,0,0,7,*2/3,5000000
61,Starlin Castro\castrst01,26.0,NYY,AL,151,610,577,63,156,29,1,21,70,4,0,24,118,0.27,0.3,0.433,0.7340000000000001,93.0,250,15,3,1,5,1,7,*4/6,7857143
62,Francisco Cervelli\cervefr01,30.0,PIT,NL,101,393,326,42,86,14,1,1,33,6,2,56,72,0.264,0.377,0.322,0.6990000000000001,91.0,105,14,6,0,5,1,9,2/3D,3500000
63,Yoenis Cespedes\cespeyo01,30.0,NYM,NL,132,543,479,72,134,25,1,31,86,3,1,51,108,0.28,0.354,0.53,0.884,136.0,254,14,7,0,6,8,5,*78/D,27500000
64,Robinson Chirinos\chiriro01,32.0,TEX,AL,57,170,147,21,33,11,0,9,20,0,1,15,44,0.22399999999999998,0.314,0.483,0.797,105.0,71,4,5,1,2,0,6,2/D,1550000
65,Lonnie Chisenhall*\chiselo01,27.0,CLE,AL,126,418,385,43,110,25,5,8,57,6,0,23,70,0.28600000000000003,0.32799999999999996,0.439,0.767,98.0,169,4,3,3,4,2,6,*9/385,2725000
66,Ji-Man Choi*\choiji01,25.0,LAA,AL,54,129,112,9,19,4,0,5,12,2,4,16,27,0.17,0.271,0.33899999999999997,0.611,68.0,38,2,0,0,1,1,1,37/D,650000
67,Shin-Soo Choo*\choosh01,33.0,TEX,AL,48,210,178,27,43,7,0,7,17,6,3,25,46,0.242,0.35700000000000004,0.39899999999999997,0.7559999999999999,99.0,71,1,7,0,0,1,12,9/D,20000000
68,Steve Clevenger*\clevest01,30.0,SEA,AL,22,76,68,7,15,3,0,1,7,0,0,8,14,0.221,0.303,0.309,0.611,70.0,21,3,0,0,0,0,6,2/D,516500
69,Chris Colabello\colabch01,32.0,TOR,AL,10,32,29,0,2,0,0,0,1,0,0,2,9,0.069,0.156,0.069,0.225,-36.0,2,2,1,0,0,0,4,/37,521300
70,Tyler Collins*\collity01,26.0,DET,AL,56,151,136,14,32,2,3,4,15,1,1,13,38,0.235,0.305,0.382,0.687,85.0,52,1,1,0,1,0,3,87/9D,510500
71,Christian Colon\colonch01,27.0,KCR,AL,54,161,147,13,34,6,0,1,13,0,1,11,31,0.231,0.294,0.293,0.586,59.0,43,4,2,1,0,0,3,45/6D,518425
72,Michael Conforto*\confomi01,23.0,NYM,NL,109,348,304,38,67,21,1,12,42,2,1,36,89,0.22,0.31,0.414,0.725,95.0,126,6,5,0,3,2,2,7/98D,517246
73,Hank Conger#\congeha01,28.0,TBR,AL,49,137,124,6,24,5,0,3,10,0,0,12,40,0.19399999999999998,0.265,0.306,0.5710000000000001,58.0,38,4,0,1,0,0,7,2,1500000
74,Carlos Correa\correca01,21.0,HOU,AL,153,660,577,76,158,36,3,20,96,13,3,75,139,0.27399999999999997,0.361,0.451,0.8109999999999999,124.0,260,12,5,0,3,5,2,*6,516700
75,Collin Cowgill\cowgico01,30.0,CLE,AL,9,14,12,0,1,0,0,0,0,0,0,2,7,0.083,0.214,0.083,0.298,-17.0,1,1,0,0,0,0,6,/9,1000000
76,Zack Cozart\cozarza01,30.0,CIN,NL,121,508,464,67,117,28,2,16,50,4,1,37,84,0.252,0.308,0.425,0.732,92.0,197,9,2,1,4,3,6,*6/D,2925000
77,Brandon Crawford*\crawfbr01,29.0,SFG,NL,155,623,553,67,152,28,11,12,84,7,0,57,115,0.275,0.342,0.43,0.772,108.0,238,13,4,0,9,10,6,*6,6000000
78,C.J. Cron\croncj01,26.0,LAA,AL,116,445,407,51,113,25,2,16,69,2,3,24,75,0.278,0.325,0.467,0.792,116.0,190,9,7,0,5,1,3,3D,525000
79,Nelson Cruz\cruzne02,35.0,SEA,AL,155,667,589,96,169,27,1,43,105,2,0,62,159,0.287,0.36,0.555,0.915,147.0,327,15,9,0,7,5,12,D9,14250000
80,Tony Cruz\cruzto03,29.0,KCR,AL,4,5,4,0,0,0,0,0,1,0,0,0,3,0.0,0.0,0.0,0.0,-100.0,0,0,0,0,1,0,6,/2,975000
81,Charlie Culberson\culbech01,27.0,LAD,NL,34,68,67,6,20,3,0,1,7,1,0,1,13,0.299,0.309,0.38799999999999996,0.6970000000000001,87.0,26,2,0,0,0,0,5,64/57,535000
82,Todd Cunningham#\cunnito01,27.0,LAA,AL,20,29,27,5,4,3,0,0,1,0,1,1,6,0.14800000000000002,0.179,0.259,0.43799999999999994,19.0,7,1,0,1,0,0,4,7/8D9,509000
83,Travis d'Arnaud\darnatr01,27.0,NYM,NL,75,276,251,27,62,7,0,4,15,0,0,19,50,0.247,0.307,0.32299999999999995,0.629,72.0,81,7,3,2,1,1,4,2,542604
84,Chris Davis*\davisch02,30.0,BAL,AL,157,665,566,99,125,21,0,38,84,1,0,88,219,0.221,0.332,0.45899999999999996,0.792,110.0,260,6,8,0,3,3,9,*3/9D,23000000
85,Khris Davis\daviskh01,28.0,OAK,AL,150,610,555,85,137,24,2,42,102,1,2,42,166,0.247,0.307,0.524,0.831,123.0,291,19,8,0,5,0,4,7D,524500
86,Rajai Davis\davisra01,35.0,CLE,AL,134,495,454,74,113,23,2,12,48,43,6,33,106,0.249,0.306,0.38799999999999996,0.693,80.0,176,9,5,1,2,0,11,*87/D9,5250000
87,Alejandro De Aza*\deazaal01,32.0,NYM,NL,130,267,234,31,48,9,0,6,25,4,3,26,67,0.205,0.297,0.321,0.618,68.0,75,5,5,1,1,1,10,879,5750000
88,Ivan De Jesus\dejesiv02,29.0,CIN,NL,104,243,221,21,56,10,0,1,20,3,1,17,51,0.253,0.311,0.312,0.623,67.0,69,6,2,2,1,1,6,6453/7,517000
89,Daniel Descalso*\descada01,29.0,COL,NL,99,289,250,38,66,12,2,8,38,3,0,34,56,0.264,0.349,0.424,0.773,93.0,106,2,1,0,4,3,7,634/75D,2100000
90,Delino DeShields\deshide02,23.0,TEX,AL,74,203,182,36,38,7,0,4,13,8,3,15,54,0.209,0.275,0.313,0.588,55.0,57,1,2,3,1,0,2,87/D,517130
91,Ian Desmond\desmoia01,30.0,TEX,AL,156,677,625,107,178,29,3,22,86,21,6,44,160,0.285,0.335,0.446,0.782,104.0,279,11,5,0,3,2,8,*87,8000000
92,Aledmys Diaz\diazal02,25.0,STL,NL,111,460,404,71,121,28,3,17,65,4,4,41,60,0.3,0.369,0.51,0.879,134.0,206,10,7,2,6,6,1,6/4,2500000
93,Elias Diaz\diazel01,25.0,PIT,NL,1,4,4,0,0,0,0,0,1,0,0,0,1,0.0,0.0,0.0,0.0,-100.0,0,0,0,0,0,0,2,/2,510000
94,Corey Dickerson*\dickeco01,27.0,TBR,AL,148,548,510,57,125,36,3,24,70,0,2,33,134,0.245,0.293,0.469,0.7609999999999999,106.0,239,12,2,0,2,6,4,7D/9,522900
95,Derek Dietrich*\dietrde01,26.0,MIA,NL,128,412,351,39,98,20,5,7,42,1,0,32,84,0.27899999999999997,0.374,0.425,0.7979999999999999,120.0,149,6,24,0,5,2,4,435/7,522500
96,Josh Donaldson\donaljo02,30.0,TOR,AL,155,700,577,122,164,32,5,37,99,7,1,109,119,0.284,0.40399999999999997,0.5489999999999999,0.953,153.0,317,16,9,2,3,6,7,*5D,11650000
97,Brian Dozier\doziebr01,29.0,MIN,AL,155,691,615,104,165,35,5,42,99,18,2,61,138,0.268,0.34,0.546,0.8859999999999999,134.0,336,12,8,2,5,6,5,*4/D,3000000
98,Stephen Drew*\drewst01,33.0,WSN,NL,70,165,143,24,38,11,1,8,21,0,1,16,31,0.266,0.33899999999999997,0.524,0.8640000000000001,123.0,75,3,2,0,4,0,11,456/D,3000000
99,Brandon Drury\drurybr01,23.0,ARI,NL,134,499,461,59,130,31,1,16,53,1,1,31,100,0.282,0.32899999999999996,0.45799999999999996,0.7859999999999999,101.0,211,14,3,0,4,2,2,7954/3,508900
100,Lucas Duda*\dudalu01,30.0,NYM,NL,47,172,153,20,35,7,0,7,23,0,0,15,36,0.22899999999999998,0.302,0.41200000000000003,0.7140000000000001,92.0,63,1,2,0,2,2,7,3,6725000
101,Matt Duffy\duffyma02,27.0,HOU,AL,3,3,3,0,0,0,0,0,0,0,0,0,2,0.0,0.0,0.0,0.0,-100.0,0,0,0,0,0,0,2,/5,510200
102,Adam Duvall\duvalad01,27.0,CIN,NL,150,608,552,85,133,31,6,33,103,6,5,41,164,0.24100000000000002,0.297,0.498,0.795,106.0,275,7,6,0,8,1,3,*7/935,510000
103,Jarrod Dyson*\dysonja01,31.0,KCR,AL,107,337,299,46,83,14,8,1,25,30,7,26,39,0.278,0.34,0.38799999999999996,0.728,96.0,116,4,3,8,1,2,7,897/D,1725000
104,Adam Eaton*\eatonad02,27.0,CHW,AL,157,706,619,91,176,29,9,14,59,14,5,63,115,0.284,0.36200000000000004,0.428,0.79,117.0,265,6,14,7,3,2,5,*98/D7,2750000
105,Jacoby Ellsbury*\ellsbja01,32.0,NYY,AL,148,626,551,71,145,24,5,9,56,20,8,54,84,0.263,0.33,0.374,0.703,88.0,206,11,2,4,3,1,10,*8,21142857
106,Edwin Encarnacion\encared01,33.0,TOR,AL,160,702,601,99,158,34,0,42,127,2,0,87,138,0.263,0.35700000000000004,0.529,0.8859999999999999,134.0,318,22,5,0,8,3,12,D3,10000000
107,Alcides Escobar\escobal02,29.0,KCR,AL,162,682,637,57,166,24,6,7,55,17,4,27,96,0.261,0.292,0.35,0.642,72.0,223,16,3,10,5,2,9,*6,5250000
108,Yunel Escobar\escobyu01,33.0,LAA,AL,132,567,517,68,157,28,1,5,39,0,3,40,67,0.304,0.355,0.391,0.745,107.0,202,21,3,3,4,0,10,*5,7000000
109,Danny Espinosa#\espinda01,29.0,WSN,NL,157,601,516,66,108,15,0,24,72,9,2,54,174,0.209,0.306,0.37799999999999995,0.684,79.0,195,4,20,7,4,12,7,*6,2875000
110,Andre Ethier*\ethiean01,34.0,LAD,NL,16,26,24,2,5,1,0,1,2,0,0,2,6,0.20800000000000002,0.26899999999999996,0.375,0.644,72.0,9,1,0,0,0,1,11,/7D,18000000
111,Prince Fielder*\fieldpr01,32.0,TEX,AL,89,370,326,29,69,16,0,8,44,0,0,32,63,0.212,0.292,0.33399999999999996,0.626,65.0,109,12,7,0,5,1,12,D/3,24000000
112,Ramon Flores*\florera02,24.0,MIL,NL,104,289,249,18,51,8,0,2,19,3,0,31,58,0.205,0.294,0.261,0.555,49.0,65,11,2,3,4,3,2,987/3,508800
113,Wilmer Flores\florewi01,24.0,NYM,NL,103,335,307,38,82,14,0,16,49,1,1,23,48,0.267,0.319,0.469,0.7879999999999999,111.0,144,9,2,0,3,0,4,534/6,526014
114,Tyler Flowers\flowety01,30.0,ATL,NL,83,325,281,27,76,18,0,8,41,0,0,29,91,0.27,0.35700000000000004,0.42,0.777,109.0,118,3,11,0,4,1,8,2,2000000
115,Logan Forsythe\forsylo01,29.0,TBR,AL,127,567,511,76,135,24,4,20,52,6,6,46,127,0.264,0.33299999999999996,0.444,0.778,113.0,227,8,8,0,2,0,6,*4/D,2250000
116,Dexter Fowler#\fowlede01,30.0,CHC,NL,125,551,456,84,126,25,7,13,48,13,4,79,124,0.276,0.39299999999999996,0.447,0.84,123.0,204,3,11,1,4,0,9,*8/D,8000000
117,Maikel Franco\francma02,23.0,PHI,NL,152,630,581,67,148,23,1,25,88,1,1,40,106,0.255,0.306,0.4270000000000001,0.733,94.0,248,13,5,0,4,7,3,*5,517500
118,Todd Frazier\frazito01,30.0,CHW,AL,158,666,590,89,133,21,0,40,98,15,5,64,163,0.225,0.302,0.46399999999999997,0.767,107.0,274,11,4,1,7,1,6,*5/3D,8250000
119,Freddie Freeman*\freemfr01,26.0,ATL,NL,158,693,589,102,178,43,6,34,91,6,1,89,171,0.302,0.4,0.569,0.968,157.0,335,12,10,0,5,18,7,*3,12000000
120,David Freese\freesda01,33.0,PIT,NL,141,492,437,63,118,23,0,13,55,0,0,45,142,0.27,0.35200000000000004,0.41200000000000003,0.764,104.0,180,15,10,0,0,2,8,53/4,3000000
121,Eric Fryer\fryerer01,30.0,TOT/STL/PIT,NL,60,133,116,19,31,4,1,0,13,0,3,13,25,0.267,0.336,0.319,0.655,78.0,37,1,0,2,2,0,6,2,575000
122,Freddy Galvis#\galvifr01,26.0,PHI,NL,158,624,584,61,141,26,3,20,67,17,6,25,136,0.24100000000000002,0.27399999999999997,0.39899999999999997,0.6729999999999999,78.0,233,16,3,8,4,6,5,*6,2000000
123,Adonis Garcia\garciad01,31.0,ATL,NL,134,563,532,65,145,29,0,14,65,3,2,24,93,0.273,0.311,0.406,0.7170000000000001,91.0,216,18,6,0,0,4,2,*5/7D,508750
124,Avisail Garcia\garciav01,25.0,CHW,AL,120,453,413,59,101,18,2,12,51,4,4,34,115,0.245,0.307,0.385,0.6920000000000001,89.0,159,9,4,0,2,0,5,D97,2100000
125,Greg Garcia*\garcigr01,26.0,STL,NL,99,257,214,33,59,11,0,3,17,1,1,38,50,0.276,0.39299999999999996,0.369,0.762,108.0,79,3,4,0,1,4,3,564,507500
126,Brett Gardner*\gardnbr01,32.0,NYY,AL,148,634,547,80,143,22,6,7,41,16,4,70,106,0.261,0.35100000000000003,0.36200000000000004,0.713,92.0,198,6,8,4,5,0,9,*7/8,13500000
127,Evan Gattis\gattiev01,29.0,HOU,AL,128,499,447,58,112,19,0,32,72,2,1,43,127,0.251,0.319,0.508,0.826,125.0,227,12,4,0,5,6,4,D2,3200000
128,Scooter Gennett*\gennesc01,26.0,MIL,NL,136,542,498,58,131,30,1,14,56,8,1,38,114,0.263,0.317,0.41200000000000003,0.728,91.0,205,11,2,1,2,1,4,*4/D,518100
129,Craig Gentry\gentrcr01,32.0,LAA,AL,14,39,34,2,5,1,0,0,2,0,0,3,6,0.147,0.237,0.17600000000000002,0.413,18.0,6,2,1,1,0,0,8,7/8D,1000000
130,Johnny Giavotella\giavojo01,28.0,LAA,AL,99,367,346,44,90,20,1,6,31,4,3,13,39,0.26,0.287,0.376,0.662,82.0,130,11,1,4,3,0,6,4,532500
131,Tyler Goeddel\goeddty01,23.0,PHI,NL,92,234,213,17,41,3,3,4,16,3,0,17,52,0.192,0.258,0.29100000000000004,0.5489999999999999,47.0,62,4,2,1,1,0,1,79,507500
132,Paul Goldschmidt\goldspa01,28.0,ARI,NL,158,705,579,106,172,33,3,24,95,32,5,110,150,0.297,0.41100000000000003,0.489,0.899,133.0,283,14,7,0,8,15,6,*3/D,5875000
133,Yan Gomes\gomesya01,28.0,CLE,AL,74,264,251,22,42,11,1,9,34,0,0,9,69,0.16699999999999998,0.201,0.327,0.527,34.0,82,7,2,0,2,0,5,2/D,2500000
134,Carlos Gomez\gomezca01,30.0,TOT/HOU/TEX,AL,118,453,411,45,95,22,1,13,53,18,5,34,136,0.231,0.298,0.384,0.682,85.0,158,11,5,3,0,2,10,*87/9D,9000000
135,Adrian Gonzalez*\gonzaad01,34.0,LAD,NL,156,633,568,69,162,31,0,18,90,0,2,55,117,0.285,0.349,0.435,0.784,111.0,247,16,4,0,6,9,13,*3/D,21857000
136,Carlos Gonzalez*\gonzaca01,30.0,COL,NL,150,632,584,87,174,42,2,25,100,2,2,46,129,0.298,0.35,0.505,0.855,111.0,295,10,1,0,1,6,9,*9,17000000
137,Marwin Gonzalez#\gonzama01,27.0,HOU,AL,141,518,484,55,123,26,3,13,51,12,6,22,118,0.254,0.293,0.401,0.6940000000000001,91.0,194,16,5,6,1,1,5,35746/D8,2000000
138,Alex Gordon*\gordoal01,32.0,KCR,AL,128,506,445,62,98,16,2,17,40,8,1,52,148,0.22,0.312,0.38,0.6920000000000001,85.0,169,9,8,0,1,3,10,*7,12000000
139,Dee Gordon*\gordode01,28.0,MIA,NL,79,346,325,47,87,7,6,1,14,30,7,18,55,0.268,0.305,0.335,0.6409999999999999,77.0,109,4,0,1,1,1,6,4,3300000
140,Anthony Gose*\gosean01,25.0,DET,AL,30,101,91,11,19,2,2,2,7,0,1,9,38,0.209,0.287,0.341,0.628,70.0,31,1,1,0,0,0,5,8,525000
141,Phil Gosselin\gosseph01,27.0,ARI,NL,122,240,220,26,61,12,1,2,13,3,0,15,46,0.27699999999999997,0.324,0.368,0.6920000000000001,79.0,81,0,1,2,2,0,4,45/37D9,513900
142,Yasmani Grandal#\grandya01,27.0,LAD,NL,126,457,390,49,89,14,1,27,72,1,3,64,116,0.228,0.33899999999999997,0.47700000000000004,0.816,118.0,186,11,2,0,1,1,5,*2/3,2800000
143,Curtis Granderson*\grandcu01,35.0,NYM,NL,150,633,545,88,129,24,5,30,59,4,2,74,130,0.237,0.335,0.46399999999999997,0.799,114.0,253,10,9,0,5,7,13,*98/7D,16000000
144,Didi Gregorius*\gregodi01,26.0,NYY,AL,153,597,562,68,155,32,2,20,70,7,1,19,82,0.276,0.304,0.447,0.7509999999999999,97.0,251,9,6,5,5,2,5,*6,2425000
145,Randal Grichuk\grichra01,24.0,STL,NL,132,478,446,66,107,29,3,24,68,5,4,28,141,0.24,0.289,0.48,0.769,102.0,214,9,3,0,1,0,3,*8/79,520000
146,Yuli Gurriel\gourryu01,32.0,HOU,AL,36,137,130,13,34,7,0,3,15,1,1,5,12,0.262,0.292,0.385,0.677,86.0,50,7,1,0,1,0,1,5/D37,1900000
147,Franklin Gutierrez\gutiefr01,33.0,SEA,AL,98,283,248,33,61,9,0,14,39,1,0,29,85,0.24600000000000002,0.32899999999999996,0.452,0.78,112.0,112,6,3,0,3,0,12,9D/7,1500000
148,Jedd Gyorko\gyorkje01,27.0,STL,NL,128,438,400,58,97,9,1,30,59,0,0,37,96,0.243,0.306,0.495,0.8009999999999999,111.0,198,11,0,0,1,1,4,4563,4000000
149,Billy Hamilton#\hamilbi02,25.0,CIN,NL,119,460,411,69,107,19,3,3,17,58,8,36,93,0.26,0.321,0.34299999999999997,0.664,77.0,141,5,1,11,1,0,4,*8,570000
150,Ryan Hanigan\hanigry01,35.0,BOS,AL,35,113,105,9,18,4,0,1,14,0,0,7,27,0.171,0.23,0.23800000000000002,0.46799999999999997,25.0,25,5,1,0,0,0,10,2/D,3700000
151,J.J. Hardy\hardyjj01,33.0,BAL,AL,115,438,405,43,109,29,0,9,48,0,0,26,68,0.26899999999999996,0.309,0.40700000000000003,0.716,90.0,165,14,0,1,6,1,12,*6,12500000
152,Bryce Harper*\harpebr03,23.0,WSN,NL,147,627,506,84,123,24,2,24,86,21,10,108,117,0.243,0.373,0.441,0.8140000000000001,114.0,223,11,3,0,10,20,5,*9,5000000
153,Josh Harrison\harrijo05,28.0,PIT,NL,131,522,487,57,138,25,7,4,59,19,4,18,76,0.28300000000000003,0.311,0.38799999999999996,0.6990000000000001,86.0,189,10,5,4,8,0,6,*4/9,5250000
154,Jeremy Hazelbaker*\hazelje01,28.0,STL,NL,114,224,200,35,47,7,3,12,28,5,2,18,64,0.235,0.295,0.48,0.775,104.0,96,1,0,4,2,2,1,78/9,507500
155,Chase Headley#\headlch01,32.0,NYY,AL,140,529,467,58,118,18,1,14,51,8,2,51,118,0.253,0.331,0.385,0.716,91.0,180,7,6,0,5,3,10,*5/D,13000000
156,Adeiny Hechavarria\hechaad01,27.0,MIA,NL,155,547,508,52,120,17,6,3,38,1,0,33,73,0.23600000000000002,0.28300000000000003,0.311,0.594,64.0,158,10,1,2,3,7,5,*6,2625000
157,Chris Heisey\heisech01,31.0,WSN,NL,83,155,139,18,30,3,1,9,17,0,1,13,44,0.21600000000000005,0.29,0.446,0.736,90.0,62,0,2,0,1,0,7,79/8D,1250000
158,Cesar Hernandez#\hernace02,26.0,PHI,NL,155,622,547,67,161,14,11,6,39,17,13,66,116,0.294,0.371,0.39299999999999996,0.764,106.0,215,6,2,5,2,4,4,*4/6,525000
159,Enrique Hernandez\hernaen02,24.0,LAD,NL,109,244,216,25,41,8,0,7,18,2,0,28,64,0.19,0.28300000000000003,0.324,0.607,64.0,70,3,0,0,0,1,3,784/956D,520000
160,Odubel Herrera*\herreod01,24.0,PHI,NL,159,656,583,87,167,21,6,15,49,25,7,63,134,0.28600000000000003,0.361,0.42,0.7809999999999999,109.0,245,6,6,2,2,7,2,*8,528000
161,Chris Herrmann*\herrmch01,28.0,ARI,NL,56,166,148,21,42,5,4,6,28,4,0,16,44,0.284,0.35200000000000004,0.493,0.845,116.0,73,2,0,1,1,1,5,2/9738,516900
162,Jason Heyward*\heywaja01,26.0,CHC,NL,142,592,530,61,122,27,1,7,49,11,4,54,93,0.23,0.306,0.325,0.631,68.0,172,12,5,1,2,0,7,*98,21666666
163,Aaron Hicks#\hicksaa01,26.0,NYY,AL,123,361,327,32,71,13,1,8,31,3,4,30,68,0.217,0.281,0.336,0.617,64.0,110,7,0,1,3,1,4,*978/D,574000
164,Bryan Holaday\holadbr01,28.0,BOS,AL,14,35,33,3,7,1,0,0,1,0,0,2,12,0.212,0.257,0.242,0.5,34.0,8,1,0,0,0,0,5,2/5D,519000
165,Matt Holliday\hollima01,36.0,STL,NL,110,426,382,48,94,20,1,20,62,0,0,35,71,0.24600000000000002,0.322,0.461,0.782,107.0,176,9,8,0,1,1,13,73/D,17000000
166,Brock Holt*\holtbr01,28.0,BOS,AL,94,324,290,45,74,16,0,7,34,4,3,27,58,0.255,0.322,0.38299999999999995,0.705,86.0,111,5,3,1,3,0,5,75/469D,606000
167,Eric Hosmer*\hosmeer01,26.0,KCR,AL,158,667,605,80,161,24,1,25,104,5,3,57,132,0.266,0.32799999999999996,0.433,0.7609999999999999,102.0,262,18,1,0,4,5,6,*3/D,8250000
168,Ryan Howard*\howarry01,36.0,PHI,NL,112,362,331,35,65,10,0,25,59,0,1,27,114,0.196,0.257,0.45299999999999996,0.71,85.0,150,7,1,0,3,2,13,3/D,25000000
169,Nick Hundley\hundlni01,32.0,COL,NL,83,317,289,30,75,20,1,10,48,0,0,25,65,0.26,0.32,0.439,0.759,88.0,127,12,1,1,1,3,9,2,3150000
170,Cedric Hunter*\huntece01,28.0,PHI,NL,13,36,34,3,3,0,0,1,1,0,0,2,6,0.08800000000000001,0.139,0.17600000000000002,0.315,-16.0,6,1,0,0,0,0,6,7/9,507500
171,Chris Iannetta\iannech01,33.0,SEA,AL,94,338,295,23,62,14,0,7,24,0,0,38,83,0.21,0.303,0.32899999999999996,0.631,75.0,97,4,2,1,2,0,11,2/D,4250000
172,Jose Iglesias\iglesjo01,26.0,DET,AL,137,513,467,57,119,26,0,4,32,7,4,28,50,0.255,0.306,0.336,0.643,74.0,157,12,8,7,3,1,6,*6,2100000
173,Ender Inciarte*\inciaen01,25.0,ATL,NL,131,578,522,85,152,24,7,3,29,16,7,45,68,0.29100000000000004,0.35100000000000003,0.381,0.732,98.0,199,8,4,5,2,5,3,*87,523000
174,Austin Jackson\jacksau01,29.0,CHW,AL,54,203,181,24,46,12,2,0,18,2,1,17,39,0.254,0.318,0.34299999999999997,0.6609999999999999,83.0,62,3,1,2,2,0,7,8,5000000
175,Travis Jankowski*\jankotr01,25.0,SDP,NL,131,383,335,53,82,13,2,2,12,30,12,42,100,0.245,0.332,0.313,0.6459999999999999,78.0,105,5,2,3,0,0,2,*89/7,508800
176,John Jaso*\jasojo01,32.0,PIT,NL,132,432,380,45,102,25,3,8,42,0,4,45,74,0.268,0.353,0.413,0.7659999999999999,105.0,157,8,5,1,1,0,9,3/9,4000000
177,Jon Jay*\jayjo02,31.0,SDP,NL,90,374,347,49,101,26,1,2,26,2,0,19,78,0.29100000000000004,0.33899999999999997,0.389,0.728,98.0,135,5,6,1,0,0,7,8/97,6850000
178,Desmond Jennings\jennide01,29.0,TBR,AL,65,225,200,22,40,7,1,7,20,2,0,21,58,0.2,0.281,0.35,0.631,74.0,70,4,2,1,1,0,7,78/D,3300000
179,Chris Johnson\johnsch05,31.0,MIA,NL,113,264,243,20,54,11,0,5,24,0,0,19,78,0.222,0.281,0.32899999999999996,0.611,68.0,80,13,1,1,0,2,8,35/7,507500
180,Adam Jones\jonesad01,30.0,BAL,AL,152,672,619,86,164,19,0,29,83,2,0,39,115,0.265,0.31,0.436,0.746,98.0,270,13,5,1,8,2,11,*8,16333333
181,Caleb Joseph\josepca01,30.0,BAL,AL,49,141,132,7,23,3,0,0,0,0,0,7,28,0.174,0.21600000000000005,0.19699999999999998,0.413,13.0,26,6,0,2,0,0,3,2/3,523500
182,Matthew Joyce*\joycema01,31.0,PIT,NL,140,293,231,45,56,10,1,13,42,1,1,59,67,0.242,0.40299999999999997,0.46299999999999997,0.866,132.0,107,9,3,0,0,4,9,97/D,1000000
183,Jung Ho Kang\kangju01,29.0,PIT,NL,103,370,318,45,81,19,0,21,62,3,1,36,79,0.255,0.354,0.513,0.867,129.0,163,11,14,0,2,1,2,5/D,2500000
184,Howie Kendrick\kendrho01,32.0,LAD,NL,146,543,487,65,124,26,2,8,40,10,2,50,96,0.255,0.326,0.366,0.691,87.0,178,20,3,0,3,2,11,7453/D,10000000
185,Kevin Kiermaier*\kiermke01,26.0,TBR,AL,105,414,366,55,90,20,2,12,37,21,3,40,74,0.24600000000000002,0.331,0.41,0.741,104.0,150,5,7,0,1,1,4,8,514400
186,Hyun Soo Kim*\kimhy01,28.0,BAL,AL,95,346,305,36,92,16,1,6,22,1,3,36,51,0.302,0.382,0.42,0.8009999999999999,116.0,128,5,4,0,1,0,1,7,2800000
187,Ian Kinsler\kinslia01,34.0,DET,AL,153,679,618,117,178,29,4,28,83,14,6,45,115,0.28800000000000003,0.348,0.484,0.831,122.0,299,5,13,0,3,0,11,*4/D,14000000
188,Jason Kipnis*\kipnija01,29.0,CLE,AL,156,688,610,91,168,41,4,23,82,15,3,60,146,0.275,0.34299999999999997,0.469,0.8109999999999999,109.0,286,21,6,5,7,0,6,*4/D,6166667
189,Tommy La Stella*\lasteto01,27.0,CHC,NL,74,169,148,17,40,12,1,2,11,0,1,18,27,0.27,0.35700000000000004,0.405,0.763,103.0,60,2,2,0,0,1,3,5/4,532000
190,Juan Lagares\lagarju01,27.0,NYM,NL,79,160,142,15,34,7,2,3,9,4,2,11,27,0.239,0.301,0.38,0.682,84.0,54,4,2,4,1,1,4,8/97,2500000
191,Junior Lake\lakeju01,26.0,TOR,AL,22,39,35,5,7,3,0,1,2,1,0,4,11,0.2,0.282,0.371,0.653,74.0,13,0,0,0,0,0,4,9/3,520200
192,Jake Lamb*\lambja01,25.0,ARI,NL,151,594,523,81,130,31,9,29,91,6,1,64,154,0.249,0.332,0.509,0.84,114.0,266,13,3,0,4,5,3,*5,520300
193,Brett Lawrie\lawribr01,26.0,CHW,AL,94,384,351,35,87,22,0,12,36,7,3,30,109,0.248,0.31,0.413,0.723,97.0,145,3,2,0,1,2,6,4/D,4125000
194,Dae-ho Lee\leeda02,34.0,SEA,AL,104,317,292,33,74,9,0,14,49,0,0,20,74,0.253,0.312,0.428,0.74,101.0,125,8,5,0,0,2,1,3/D,1000000
195,DJ LeMahieu\lemahdj01,27.0,COL,NL,146,635,552,104,192,32,8,11,66,11,7,66,80,0.348,0.41600000000000004,0.495,0.9109999999999999,128.0,273,19,3,8,6,2,6,*4,3000000
196,Adam Lind*\lindad01,32.0,SEA,AL,126,430,401,48,96,17,0,20,58,0,1,26,89,0.239,0.28600000000000003,0.431,0.7170000000000001,94.0,173,14,1,0,2,3,11,3D,8000000
197,Francisco Lindor#\lindofr01,22.0,CLE,AL,158,684,604,99,182,30,3,15,78,19,5,57,88,0.301,0.358,0.435,0.794,106.0,263,18,5,3,15,3,2,*6/D,540300
198,Jose Lobaton#\lobatjo01,31.0,WSN,NL,39,114,99,10,23,3,1,3,8,0,0,12,18,0.23199999999999998,0.319,0.374,0.6920000000000001,82.0,37,4,1,1,1,1,8,2,1387500
199,Evan Longoria\longoev01,30.0,TBR,AL,160,685,633,81,173,41,4,36,98,0,3,42,144,0.273,0.318,0.521,0.84,127.0,330,13,3,0,7,6,9,*5/D,11500000
200,Jed Lowrie#\lowrije01,32.0,OAK,AL,87,369,338,30,89,12,1,2,27,0,0,26,65,0.263,0.314,0.322,0.637,77.0,109,10,1,0,4,0,9,4/D6,7500000
201,Manny Machado\machama01,23.0,BAL,AL,157,696,640,105,188,40,1,37,96,0,3,48,120,0.294,0.34299999999999997,0.5329999999999999,0.8759999999999999,130.0,341,14,3,0,5,9,5,*56,5000000
202,Mikie Mahtook\mahtomi01,26.0,TBR,AL,65,196,185,16,36,9,0,3,11,0,1,7,68,0.195,0.231,0.292,0.523,44.0,54,2,2,1,1,0,2,789/D,512200
203,Martin Maldonado\maldoma01,29.0,MIL,NL,76,253,208,21,42,7,0,8,21,1,0,35,56,0.20199999999999999,0.332,0.35100000000000003,0.6829999999999999,82.0,73,6,6,3,1,9,6,2,1125000
204,Jake Marisnick\marisja01,25.0,HOU,AL,118,311,287,40,60,18,1,5,21,10,5,16,83,0.209,0.257,0.331,0.588,62.0,95,4,3,4,1,0,4,87/D9,519500
205,Nick Markakis*\markani01,32.0,ATL,NL,158,684,599,67,161,38,0,13,89,0,2,71,101,0.26899999999999996,0.34600000000000003,0.397,0.7440000000000001,100.0,238,16,5,0,9,9,11,*9/D3,11000000
206,Ketel Marte#\marteke01,22.0,SEA,AL,119,466,437,55,113,21,2,1,33,11,5,18,84,0.259,0.287,0.32299999999999995,0.61,68.0,141,10,2,3,6,0,2,*6,515400
207,Starling Marte\martest01,27.0,PIT,NL,129,529,489,71,152,34,5,9,46,47,12,23,104,0.311,0.36200000000000004,0.456,0.818,118.0,223,8,16,1,0,5,5,*78,3333333
208,Leonys Martin*\martile01,28.0,SEA,AL,143,576,518,72,128,17,3,15,47,24,6,44,149,0.247,0.306,0.37799999999999995,0.684,88.0,196,10,3,4,7,0,6,*8,4150000
209,Russell Martin\martiru01,33.0,TOR,AL,137,535,455,62,105,16,0,20,74,2,1,64,148,0.231,0.335,0.39799999999999996,0.733,96.0,181,12,10,1,5,1,11,*2/D45,15000000
210,J.D. Martinez\martijd02,28.0,DET,AL,120,517,460,69,141,35,2,22,68,1,2,49,128,0.307,0.373,0.535,0.9079999999999999,142.0,246,13,3,0,5,2,6,*9/D,6750000
211,Victor Martinez#\martivi01,37.0,DET,AL,154,610,553,65,160,22,0,27,86,0,0,50,90,0.289,0.35100000000000003,0.47600000000000003,0.826,121.0,263,19,4,0,3,8,15,*D/3,18000000
212,Jeff Mathis\mathije01,33.0,MIA,NL,41,132,126,12,30,4,1,2,15,0,0,4,36,0.23800000000000002,0.267,0.33299999999999996,0.601,64.0,42,1,1,1,0,0,12,2,1500000
213,Joe Mauer*\mauerjo01,33.0,MIN,AL,134,576,494,68,129,22,4,11,49,2,0,79,93,0.261,0.363,0.389,0.752,104.0,192,11,1,0,2,10,13,3D,23000000
214,Cameron Maybin\maybica01,29.0,DET,AL,94,391,349,65,110,14,5,4,43,15,6,36,69,0.315,0.38299999999999995,0.418,0.8009999999999999,118.0,146,8,3,2,1,0,10,8/D,8000000
215,Brian McCann*\mccanbr01,32.0,NYY,AL,130,492,429,56,104,13,0,20,58,1,0,54,99,0.242,0.335,0.413,0.748,99.0,177,15,7,0,2,2,12,2D/3,17000000
216,James McCann\mccanja02,26.0,DET,AL,105,373,344,31,76,9,1,12,48,0,1,23,109,0.221,0.272,0.358,0.629,69.0,123,12,2,1,3,0,3,2/D,519500
217,Andrew McCutchen\mccutan01,29.0,PIT,NL,153,675,598,81,153,26,3,24,79,6,7,69,143,0.256,0.336,0.43,0.7659999999999999,104.0,257,15,5,0,3,7,8,*8,13000000
218,Jordy Mercer\mercejo03,29.0,PIT,NL,149,584,519,66,133,22,3,11,59,1,1,51,83,0.256,0.32799999999999996,0.374,0.701,88.0,194,11,5,7,2,8,5,*6,2075000
219,Devin Mesoraco\mesorde01,28.0,CIN,NL,16,55,50,2,7,1,0,0,1,0,1,5,10,0.14,0.218,0.16,0.37799999999999995,3.0,8,3,0,0,0,0,6,2,5025000
220,Brad Miller*\millebr02,26.0,TBR,AL,152,601,548,73,133,29,6,30,81,6,4,47,149,0.243,0.304,0.48200000000000004,0.7859999999999999,113.0,264,5,3,0,3,0,4,63/D7,527600
221,Yadier Molina\molinya01,33.0,STL,NL,147,581,534,56,164,38,1,8,58,3,2,39,63,0.307,0.36,0.4270000000000001,0.787,111.0,228,22,6,0,2,1,13,*2/3,14000000
222,Kendrys Morales#\moralke01,33.0,KCR,AL,154,618,558,65,147,24,0,30,93,0,0,48,120,0.263,0.327,0.46799999999999997,0.795,110.0,261,20,7,0,5,2,11,*D/39,9000000
223,Mitch Moreland*\morelmi01,30.0,TEX,AL,147,503,460,49,107,21,0,22,60,1,0,35,118,0.233,0.298,0.42200000000000004,0.72,87.0,194,8,8,0,0,5,7,*3/D,5700000
224,Justin Morneau*\morneju01,35.0,CHW,AL,58,218,203,16,53,14,1,6,25,0,0,12,52,0.261,0.303,0.429,0.731,99.0,87,5,1,0,2,1,14,D,1000000
225,Logan Morrison*\morrilo01,28.0,TBR,AL,107,398,353,45,84,18,1,14,43,4,2,37,89,0.23800000000000002,0.319,0.414,0.733,101.0,146,4,6,0,2,1,7,3D,4200000
226,Mike Morse\morsemi01,34.0,PIT,NL,6,8,8,0,0,0,0,0,0,0,0,0,2,0.0,0.0,0.0,0.0,-100.0,0,0,0,0,0,0,12,/3D,8500000
227,Brandon Moss*\mossbr01,32.0,STL,NL,128,464,413,66,93,19,2,28,67,1,0,39,141,0.225,0.3,0.484,0.784,106.0,200,8,7,0,5,3,10,379,8250000
228,Mike Moustakas*\moustmi01,27.0,KCR,AL,27,113,104,12,25,6,0,7,13,0,1,9,13,0.24,0.301,0.5,0.8009999999999999,110.0,52,5,0,0,0,0,6,5,5600000
229,Daniel Murphy*\murphda08,31.0,WSN,NL,142,582,531,88,184,47,5,25,104,5,3,35,57,0.34700000000000003,0.39,0.595,0.985,155.0,316,4,8,0,8,10,9,*43/5D,8000000
230,John Ryan Murphy\murphjr01,25.0,MIN,AL,26,90,82,4,12,3,0,1,3,0,0,5,19,0.146,0.193,0.22,0.413,12.0,18,3,0,2,1,0,4,2,528700
231,Wil Myers\myerswi01,25.0,SDP,NL,157,676,599,99,155,29,4,28,94,28,6,68,160,0.259,0.336,0.461,0.797,115.0,276,12,4,0,5,1,4,*3/975,523900
232,Mike Napoli\napolmi01,34.0,CLE,AL,150,645,557,92,133,22,1,34,101,5,1,78,194,0.239,0.335,0.465,0.8,106.0,259,15,5,0,5,2,11,3D,7000000
233,Tyler Naquin*\naquity01,25.0,CLE,AL,116,365,321,52,95,18,5,14,43,6,3,36,112,0.29600000000000004,0.3720000000000001,0.514,0.8859999999999999,128.0,165,4,4,2,2,4,1,*8/9D,507500
234,Kirk Nieuwenhuis*\nieuwki01,28.0,MIL,NL,125,392,335,38,70,18,1,13,44,8,9,56,133,0.209,0.324,0.385,0.7090000000000001,87.0,129,5,1,0,0,1,5,*89/7,514000
235,Derek Norris\norride01,27.0,SDP,NL,125,458,415,50,77,17,0,14,42,9,2,36,139,0.18600000000000005,0.255,0.32799999999999996,0.583,58.0,136,9,4,0,3,5,5,*2/3,2925000
236,Rougned Odor*\odorro01,22.0,TEX,AL,150,632,605,89,164,33,4,33,88,14,7,19,135,0.271,0.29600000000000004,0.502,0.7979999999999999,105.0,304,6,4,0,4,0,3,*4/D,522700
237,Paulo Orlando\orlanpa01,30.0,KCR,AL,128,484,457,52,138,24,4,5,43,14,3,13,105,0.302,0.32899999999999996,0.405,0.7340000000000001,96.0,185,12,7,3,3,1,2,*98/D,514250
238,David Ortiz*\ortizda01,40.0,BOS,AL,151,626,537,79,169,48,1,38,127,2,0,80,86,0.315,0.401,0.62,1.021,164.0,333,22,2,0,7,15,20,*D/3,16000000
239,Chris Owings\owingch01,24.0,ARI,NL,119,466,437,52,121,24,11,5,49,21,2,20,87,0.27699999999999997,0.315,0.41600000000000004,0.731,88.0,182,8,5,2,2,4,4,68/4,530500
240,Marcell Ozuna\ozunama01,25.0,MIA,NL,148,608,557,75,148,23,6,23,76,0,3,43,115,0.266,0.321,0.452,0.773,110.0,252,11,4,0,4,2,4,*87/9,570000
241,Angel Pagan#\paganan01,34.0,SFG,NL,129,543,495,71,137,24,5,12,55,15,4,42,66,0.27699999999999997,0.331,0.418,0.75,102.0,207,11,0,0,3,1,11,*7/8,11250000
242,Joe Panik*\panikjo01,25.0,SFG,NL,127,526,464,67,111,21,7,10,62,5,0,50,47,0.239,0.315,0.379,0.695,88.0,176,14,4,3,5,5,3,*4,545000
243,ByungHo Park\parkby01,29.0,MIN,AL,62,244,215,28,41,9,1,12,24,1,0,21,80,0.191,0.275,0.409,0.684,82.0,88,3,5,0,3,0,1,D3,2750000
244,Gerardo Parra*\parrage01,29.0,COL,NL,102,381,368,45,93,27,3,7,39,6,4,9,73,0.253,0.271,0.39899999999999997,0.6709999999999999,65.0,147,16,1,1,2,1,8,7398,8000000
245,Ben Paulsen*\paulsbe01,28.0,COL,NL,39,97,92,8,20,5,0,1,11,0,0,5,27,0.217,0.258,0.304,0.562,41.0,28,2,0,0,0,1,3,3/7,512500
246,Joc Pederson*\pederjo01,24.0,LAD,NL,137,476,406,64,100,26,0,25,68,6,2,63,130,0.24600000000000002,0.35200000000000004,0.495,0.847,126.0,201,5,4,1,2,4,3,*8,520000
247,Dustin Pedroia\pedrodu01,32.0,BOS,AL,154,698,633,105,201,36,1,15,74,7,4,61,73,0.318,0.376,0.449,0.825,117.0,284,24,0,1,3,0,11,*4,13000000
248,Brayan Pena#\penabr01,34.0,STL,NL,9,14,13,0,2,1,0,0,0,0,0,1,2,0.154,0.214,0.231,0.445,20.0,3,0,0,0,0,0,12,/23,2500000
249,Hunter Pence\pencehu01,33.0,SFG,NL,106,442,395,58,114,23,1,13,57,1,1,43,95,0.289,0.35700000000000004,0.451,0.8079999999999999,118.0,178,10,1,0,3,1,10,9,18500000
250,Cliff Pennington#\pennicl01,32.0,LAA,AL,74,188,172,18,36,4,2,3,10,1,0,13,55,0.209,0.265,0.308,0.573,58.0,53,4,0,3,0,0,9,46/35D,1500000
251,David Peralta*\peralda01,28.0,ARI,NL,48,183,171,23,43,9,5,4,15,2,0,8,42,0.251,0.295,0.433,0.728,86.0,74,3,3,0,1,1,3,9/8,529600
252,Jhonny Peralta\peraljh01,34.0,STL,NL,82,313,289,37,75,17,1,8,29,0,0,20,56,0.26,0.307,0.408,0.715,90.0,118,5,1,0,3,0,14,5/6D,12500000
253,Jose Peraza\perazjo01,22.0,CIN,NL,72,256,241,25,78,8,2,3,25,21,10,7,33,0.324,0.35200000000000004,0.41100000000000003,0.762,102.0,99,3,5,0,3,0,2,684/7D,507500
254,Carlos Perez\perezca02,25.0,LAA,AL,87,291,268,25,56,16,0,5,31,1,0,12,49,0.209,0.244,0.325,0.568,56.0,87,6,1,8,2,0,2,2/3D,513000
255,Roberto Perez\perezro02,27.0,CLE,AL,61,184,153,14,28,6,1,3,17,0,0,23,44,0.183,0.285,0.294,0.579,52.0,45,4,0,5,3,0,3,2,515800
256,Salvador Perez\perezsa02,26.0,KCR,AL,139,546,514,57,127,28,2,22,64,0,0,22,119,0.247,0.28800000000000003,0.43799999999999994,0.725,91.0,225,12,8,0,2,3,6,*2/D3,2000000
257,Jace Peterson*\peterja01,26.0,ATL,NL,115,408,350,45,89,16,1,7,29,5,5,52,69,0.254,0.35,0.366,0.715,94.0,128,9,1,2,3,2,3,47/58,520500
258,Tommy Pham\phamth01,28.0,STL,NL,78,183,159,26,36,7,0,9,17,2,2,20,71,0.226,0.324,0.44,0.764,103.0,70,3,3,1,0,1,3,87/9,510000
259,Brandon Phillips\phillbr01,35.0,CIN,NL,141,584,550,74,160,34,1,11,64,14,8,18,68,0.29100000000000004,0.32,0.41600000000000004,0.736,94.0,229,17,8,2,6,3,15,*4/D,13000000
260,A.J. Pierzynski*\pierza.01,39.0,ATL,NL,81,259,247,15,54,15,0,2,23,1,0,6,29,0.21899999999999997,0.243,0.304,0.547,46.0,75,13,3,0,3,1,19,2,3000000
261,Kevin Pillar\pillake01,27.0,TOR,AL,146,584,548,59,146,35,2,7,53,14,6,24,90,0.266,0.303,0.376,0.679,81.0,206,12,6,3,3,0,4,*8,521100
262,Stephen Piscotty\piscost01,25.0,STL,NL,153,649,582,86,159,35,3,22,85,7,5,51,133,0.273,0.34299999999999997,0.457,0.8,113.0,266,14,12,1,2,0,2,*98/3,512500
263,Kevin Plawecki\plaweke01,25.0,NYM,NL,48,151,132,6,26,6,0,1,11,0,0,17,33,0.19699999999999998,0.298,0.265,0.563,55.0,35,1,2,0,0,2,2,2,511360
264,Trevor Plouffe\plouftr01,30.0,MIN,AL,84,344,319,35,83,13,1,12,47,1,0,19,60,0.26,0.303,0.42,0.723,93.0,134,11,2,1,3,0,7,53/D,7250000
265,Gregory Polanco*\polangr01,24.0,PIT,NL,144,587,527,79,136,34,4,22,86,17,6,53,119,0.258,0.32299999999999995,0.46299999999999997,0.7859999999999999,107.0,244,13,0,1,6,6,3,*97/8D,535000
266,A.J. Pollock\polloaj01,28.0,ARI,NL,12,46,41,9,10,0,0,2,4,4,0,5,8,0.244,0.326,0.39,0.716,85.0,16,1,0,0,0,0,5,8,3500000
267,Buster Posey\poseybu01,29.0,SFG,NL,146,614,539,82,155,33,2,14,80,6,1,64,68,0.28800000000000003,0.36200000000000004,0.434,0.7959999999999999,115.0,234,18,3,0,8,7,8,*23/D,20000000
268,Martin Prado\pradoma01,32.0,MIA,NL,153,658,600,70,183,37,3,8,75,2,2,49,69,0.305,0.359,0.41700000000000004,0.775,113.0,250,24,4,0,5,4,11,*5/D,11000000
269,Jurickson Profar#\profaju01,23.0,TEX,AL,90,307,272,35,65,6,3,5,20,2,1,30,61,0.239,0.321,0.33799999999999997,0.66,75.0,92,7,3,2,0,0,5,54376/D,605000
270,Yasiel Puig\puigya01,25.0,LAD,NL,104,368,334,45,88,14,2,11,45,5,2,24,74,0.263,0.32299999999999995,0.41600000000000004,0.74,98.0,139,10,7,0,3,0,4,9/78,7214000
271,Albert Pujols\pujolal01,36.0,LAA,AL,152,650,593,71,159,19,0,31,119,4,0,49,75,0.268,0.32299999999999995,0.457,0.78,113.0,271,24,2,0,6,6,16,*D3,25000000
272,Ryan Raburn\raburry01,35.0,COL,NL,113,256,223,30,49,10,2,9,30,0,0,28,80,0.22,0.309,0.40399999999999997,0.7120000000000001,77.0,90,6,2,0,3,0,13,7/D39,1500000
273,Alexei Ramirez\ramiral03,34.0,TOT/SDP/TBR,MLB/NL/AL,145,506,478,38,115,22,2,6,48,8,9,21,63,0.24100000000000002,0.27699999999999997,0.33299999999999996,0.61,66.0,159,8,4,1,2,3,9,*6/94D,3000000
274,Hanley Ramirez\ramirha01,32.0,BOS,AL,147,620,549,81,157,28,1,30,111,9,3,60,120,0.28600000000000003,0.361,0.505,0.866,126.0,277,17,7,0,4,5,12,*3D,22750000
275,Jose Ramirez#\ramirjo01,23.0,CLE,AL,152,618,565,84,176,46,3,11,76,22,7,44,62,0.312,0.363,0.462,0.825,114.0,261,10,4,1,4,1,4,*57/46,518200
276,Wilson Ramos\ramoswi01,28.0,WSN,NL,131,523,482,58,148,25,0,22,80,0,0,35,79,0.307,0.354,0.496,0.85,121.0,239,17,2,0,4,2,7,*2,5350000
277,Colby Rasmus*\rasmuco01,29.0,HOU,AL,107,417,369,38,76,10,0,15,54,4,1,43,121,0.20600000000000002,0.28600000000000003,0.355,0.6409999999999999,77.0,131,5,0,1,4,0,8,789/D,15800000
278,J.T. Realmuto\realmjt01,25.0,MIA,NL,137,545,509,60,154,31,0,11,48,12,4,28,100,0.303,0.34299999999999997,0.428,0.7709999999999999,111.0,218,12,5,0,3,1,3,*2/D,532500
279,Nolan Reimold\reimono01,32.0,BAL,AL,104,227,203,25,45,9,1,6,15,1,2,22,62,0.222,0.3,0.365,0.664,78.0,74,8,1,0,1,0,8,79/8D,1300000
280,Anthony Rendon\rendoan01,26.0,WSN,NL,156,647,567,91,153,38,2,20,85,12,6,65,117,0.27,0.348,0.45,0.797,108.0,255,5,7,0,8,2,4,*5,2800000
281,Ben Revere*\reverbe01,28.0,WSN,NL,103,375,350,44,76,9,7,2,24,14,5,18,34,0.217,0.26,0.3,0.56,47.0,105,12,3,2,2,0,7,87,6250000
282,Mark Reynolds\reynoma01,32.0,COL,NL,118,441,393,61,111,24,0,14,53,1,2,42,112,0.282,0.35600000000000004,0.45,0.8059999999999999,101.0,177,6,4,0,2,1,10,*3/4,2600000
283,Joey Rickard\rickajo01,25.0,BAL,AL,85,282,257,32,69,13,0,5,19,4,1,18,54,0.268,0.319,0.377,0.696,87.0,97,3,2,3,2,0,1,978,507500
284,Yadiel Rivera\riverya01,24.0,MIL,NL,35,71,66,12,14,4,0,0,3,0,0,2,20,0.212,0.235,0.273,0.508,34.0,18,4,0,3,0,0,2,54/6,508600
285,Anthony Rizzo*\rizzoan01,26.0,CHC,NL,155,676,583,94,170,43,4,32,109,3,5,74,108,0.292,0.385,0.544,0.9279999999999999,143.0,317,13,16,0,3,8,6,*3/4,5000000
286,Clint Robinson*\robincl01,31.0,WSN,NL,104,224,196,16,46,4,0,5,26,0,0,20,38,0.235,0.305,0.332,0.637,68.0,65,4,2,1,5,0,5,3/7D,534900
287,Alex Rodriguez\rodrial01,40.0,NYY,AL,65,243,225,19,45,7,0,9,31,3,0,14,67,0.2,0.247,0.35100000000000003,0.598,58.0,79,4,1,0,3,0,23,D/5,21000000
288,Sean Rodriguez\rodrise01,31.0,PIT,NL,140,342,300,49,81,16,1,18,56,2,1,33,102,0.27,0.349,0.51,0.8590000000000001,127.0,153,6,5,1,3,2,9,346957/8,2500000
289,Miguel Rojas\rojasmi02,27.0,MIA,NL,123,214,194,27,48,12,0,1,14,2,1,11,27,0.247,0.28800000000000003,0.325,0.613,69.0,63,10,1,6,2,2,3,4365,511000
290,Jimmy Rollins#\rolliji01,37.0,CHW,AL,41,166,149,25,33,8,1,2,8,5,2,16,33,0.221,0.295,0.32899999999999996,0.624,72.0,49,2,0,0,1,0,17,6/D,2000000
291,Austin Romine\rominau01,27.0,NYY,AL,62,176,165,17,40,11,0,4,26,1,0,7,31,0.242,0.26899999999999996,0.382,0.65,71.0,63,7,0,1,3,1,6,2/3D,556000
292,Adam Rosales\rosalad01,33.0,SDP,NL,105,248,214,37,49,12,3,13,35,4,0,29,88,0.22899999999999998,0.319,0.495,0.8140000000000001,118.0,106,2,1,0,4,2,9,546/73D9,800000
293,Eddie Rosario*\rosared01,24.0,MIN,AL,92,354,335,52,90,17,2,10,32,5,2,12,91,0.26899999999999996,0.295,0.42100000000000004,0.716,91.0,141,4,2,2,3,2,2,78/9,542500
294,David Ross\rossda01,39.0,CHC,NL,67,205,166,24,38,6,0,10,32,0,1,30,54,0.22899999999999998,0.33799999999999997,0.446,0.784,106.0,74,3,0,4,5,6,15,2,2500000
295,Ryan Rua\ruary01,26.0,TEX,AL,99,269,240,40,62,8,1,8,22,9,0,21,76,0.258,0.331,0.4,0.731,92.0,96,8,6,0,2,2,3,73/8D95,510120
296,Darin Ruf\rufda01,29.0,PHI,NL,43,89,83,8,17,2,0,3,9,0,1,4,25,0.205,0.23600000000000002,0.337,0.573,51.0,28,5,0,0,2,0,5,37,527000
297,Justin Ruggiano\ruggiju01,34.0,TOT/TEX/NYM,MLB/AL/NL,9,26,24,4,8,1,0,2,7,0,1,2,10,0.33299999999999996,0.385,0.625,1.01,167.0,15,1,0,0,0,0,10,/879,1650000
298,Cameron Rupp\ruppca01,27.0,PHI,NL,105,419,389,36,98,26,1,16,54,1,0,24,114,0.252,0.303,0.447,0.75,98.0,174,11,5,0,1,0,4,2,518000
299,Addison Russell\russead02,22.0,CHC,NL,151,598,525,67,125,25,3,21,95,5,1,55,135,0.23800000000000002,0.321,0.41700000000000004,0.738,94.0,219,11,12,0,6,6,2,*6,527000
300,Tyler Saladino\saladty01,26.0,CHW,AL,93,319,298,33,84,14,0,8,38,11,5,13,62,0.282,0.315,0.409,0.725,98.0,122,11,3,2,3,0,2,465/3D879,513000
301,Jarrod Saltalamacchia#\saltaja01,31.0,DET,AL,92,292,246,30,42,5,1,12,38,0,0,41,104,0.171,0.284,0.34600000000000003,0.63,70.0,85,1,0,0,5,1,10,23/D,507500
302,Pablo Sandoval#\sandopa01,29.0,BOS,AL,3,7,6,0,0,0,0,0,0,0,0,1,4,0.0,0.14300000000000002,0.0,0.14300000000000002,-57.0,0,0,0,0,0,0,9,/5,17600000
303,Jerry Sands\sandsje01,28.0,CHW,AL,24,58,55,2,13,0,0,1,7,0,0,3,24,0.23600000000000002,0.276,0.29100000000000004,0.5670000000000001,57.0,16,3,0,0,0,0,6,D/379,535000
304,Miguel Sano\sanomi01,23.0,MIN,AL,116,495,437,57,103,22,1,25,66,1,0,54,178,0.23600000000000002,0.319,0.462,0.7809999999999999,108.0,202,8,1,0,3,1,2,59D,547500
305,Carlos Santana#\santaca01,30.0,CLE,AL,158,688,582,89,151,31,3,34,87,5,2,99,99,0.259,0.366,0.498,0.865,123.0,290,18,2,0,5,0,7,D3,8250000
306,Danny Santana#\santada01,25.0,MIN,AL,75,248,233,29,56,10,2,2,14,12,9,12,55,0.24,0.27899999999999997,0.326,0.606,64.0,76,1,1,1,1,0,3,87/9D465,537500
307,Domingo Santana\santado01,23.0,MIL,NL,77,281,246,34,63,14,0,11,32,2,3,32,91,0.256,0.345,0.447,0.792,108.0,110,7,2,0,1,0,3,9/78,513800
308,Luis Sardinas#\sardilu01,23.0,SDP,NL,34,120,108,13,31,6,1,2,13,3,1,11,23,0.287,0.353,0.41700000000000004,0.77,109.0,45,0,0,1,0,3,3,6/4,512000
309,Michael Saunders*\saundmi01,29.0,TOR,AL,140,558,490,70,124,32,3,24,57,1,2,59,157,0.253,0.33799999999999997,0.478,0.815,116.0,234,14,5,1,3,2,8,*79/D8,2900000
310,Scott Schebler*\schebsc01,25.0,CIN,NL,82,282,257,36,68,12,2,9,40,2,4,19,59,0.265,0.33,0.4320000000000001,0.762,101.0,111,5,6,0,0,2,2,987,507500
311,Jonathan Schoop\schoojo01,24.0,BAL,AL,162,647,615,82,164,38,1,25,82,1,2,21,137,0.267,0.298,0.45399999999999996,0.752,98.0,279,16,8,0,3,0,4,*4,522500
312,Kyle Schwarber*\schwaky01,23.0,CHC,NL,2,5,4,0,0,0,0,0,0,0,0,1,2,0.0,0.2,0.0,0.2,-40.0,0,0,0,0,0,0,2,/7,522000
313,Corey Seager*\seageco01,22.0,LAD,NL,157,687,627,105,193,40,5,26,72,3,3,54,133,0.308,0.365,0.512,0.877,134.0,321,12,4,0,2,5,2,*6,510000
314,Kyle Seager*\seageky01,28.0,SEA,AL,158,676,597,89,166,36,3,30,99,3,1,69,108,0.278,0.359,0.499,0.8590000000000001,133.0,298,18,8,0,2,10,6,*5/D,8000000
315,Jean Segura\segurje01,26.0,ARI,NL,153,694,637,102,203,41,7,20,64,33,10,39,101,0.319,0.368,0.499,0.867,122.0,318,6,12,4,2,1,5,*46,2600000
316,Marcus Semien\semiema01,25.0,OAK,AL,159,621,568,72,135,27,2,27,75,10,2,51,139,0.23800000000000002,0.3,0.435,0.735,99.0,247,12,0,1,1,1,4,*6,512500
317,Travis Shaw*\shawtr01,26.0,BOS,AL,145,530,480,63,116,34,2,16,71,5,1,43,133,0.242,0.306,0.42100000000000004,0.726,90.0,202,10,3,0,4,4,2,53/D7,515000
318,Andrelton Simmons\simmoan01,26.0,LAA,AL,124,483,448,48,126,22,2,4,44,10,1,28,38,0.281,0.324,0.366,0.69,91.0,164,16,2,1,4,0,5,*6,6000000
319,Seth Smith*\smithse01,33.0,SEA,AL,137,438,378,62,94,15,0,16,63,0,0,48,89,0.249,0.342,0.415,0.758,108.0,157,11,8,0,4,1,10,*97D,6750000
320,Justin Smoak#\smoakju01,29.0,TOR,AL,126,341,299,33,65,10,0,14,34,1,0,40,112,0.217,0.314,0.391,0.705,88.0,117,7,2,0,0,1,7,*3/D,3900000
321,Yangervis Solarte#\solarya01,28.0,SDP,NL,109,443,405,55,116,26,1,15,71,1,1,30,63,0.28600000000000003,0.341,0.467,0.8079999999999999,118.0,189,7,5,0,3,1,3,54/3,525500
322,Jorge Soler\solerjo01,24.0,CHC,NL,86,264,227,37,54,9,0,12,31,0,0,31,66,0.23800000000000002,0.33299999999999996,0.436,0.769,103.0,99,5,3,0,3,0,3,7/D9,3666667
323,Geovany Soto\sotoge01,33.0,LAA,AL,26,86,78,11,21,5,0,4,9,0,0,6,21,0.26899999999999996,0.321,0.48700000000000004,0.809,120.0,38,1,0,2,0,0,12,2/35,2800000
324,Steven Souza Jr.\souzast01,27.0,TBR,AL,120,468,430,58,106,17,1,17,49,7,6,31,159,0.247,0.303,0.409,0.713,95.0,176,5,5,0,2,0,3,*9/D8,516100
325,Denard Span*\spande01,32.0,SFG,NL,143,637,572,70,152,23,5,11,53,12,7,53,79,0.266,0.331,0.381,0.7120000000000001,93.0,218,8,4,6,2,2,9,*8,5000000
326,Cory Spangenberg*\spangco01,25.0,SDP,NL,14,53,48,6,11,1,1,1,8,1,0,4,13,0.22899999999999998,0.302,0.354,0.6559999999999999,78.0,17,0,1,0,0,0,3,4,517700
327,George Springer\springe01,26.0,HOU,AL,162,744,644,116,168,29,5,29,82,9,10,88,178,0.261,0.359,0.457,0.815,125.0,294,12,11,0,1,2,3,*9D/8,522400
328,Giancarlo Stanton\stantmi03,26.0,MIA,NL,119,470,413,56,99,20,1,27,74,0,0,50,140,0.24,0.326,0.489,0.815,120.0,202,6,4,0,2,5,7,9/D,9000000
329,Max Stassi\stassma01,25.0,HOU,AL,9,13,13,1,1,0,0,0,0,0,0,0,5,0.077,0.077,0.077,0.154,-57.0,1,0,0,0,0,0,4,/2,508200
330,Chris Stewart\stewach01,34.0,PIT,NL,34,113,98,10,21,4,0,1,7,0,0,12,15,0.214,0.319,0.28600000000000003,0.604,64.0,28,2,3,0,0,2,11,2/3,1350000
331,Trevor Story\storytr01,23.0,COL,NL,97,415,372,67,101,21,4,27,72,8,5,35,130,0.272,0.341,0.5670000000000001,0.909,122.0,211,5,5,2,1,2,1,6,507500
332,Eugenio Suarez\suareeu01,24.0,CIN,NL,159,627,565,78,140,25,2,21,70,11,5,51,155,0.248,0.317,0.41100000000000003,0.728,92.0,232,10,8,0,3,0,3,*5/6D,545000
333,Jesus Sucre\sucreje01,28.0,SEA,AL,9,29,25,4,12,2,0,1,5,0,0,2,5,0.48,0.552,0.68,1.232,238.0,17,1,2,0,0,0,4,/2,512000
334,Ichiro Suzuki*\suzukic01,42.0,MIA,NL,143,365,327,48,95,15,5,1,22,10,2,30,42,0.29100000000000004,0.354,0.376,0.73,102.0,123,4,3,3,2,1,16,987/D,2000000
335,Kurt Suzuki\suzukku01,32.0,MIN,AL,106,373,345,34,89,24,1,8,49,0,0,18,48,0.258,0.301,0.40299999999999997,0.7040000000000001,89.0,139,9,5,1,4,0,10,2/D,6000000
336,Blake Swihart#\swihabl01,24.0,BOS,AL,19,74,62,9,16,0,3,0,5,0,1,11,17,0.258,0.365,0.355,0.72,92.0,22,0,0,0,1,0,2,7/2,518500
337,Matt Szczur\szczuma01,26.0,CHC,NL,107,200,185,30,48,9,1,5,24,2,4,13,39,0.259,0.312,0.4,0.7120000000000001,88.0,74,2,1,1,0,2,3,789,511500
338,Michael A. Taylor\taylomi02,25.0,WSN,NL,76,237,221,28,51,11,0,7,16,14,3,14,77,0.231,0.278,0.376,0.654,70.0,83,2,1,0,1,0,3,8/97,524900
339,Mark Teixeira#\teixema01,36.0,NYY,AL,116,438,387,43,79,16,0,15,44,2,0,47,105,0.204,0.292,0.36200000000000004,0.654,74.0,140,7,2,0,2,1,14,*3/D,23125000
340,Ruben Tejada\tejadru01,26.0,SFG,NL,13,38,32,3,5,3,0,0,2,0,0,5,5,0.156,0.27,0.25,0.52,43.0,8,0,0,1,0,0,7,5/4,1500000
341,Josh Thole*\tholejo01,29.0,TOR,AL,50,136,118,7,20,3,0,1,7,0,0,13,28,0.16899999999999998,0.254,0.22,0.474,30.0,26,4,1,2,2,0,8,2,800000
342,Trayce Thompson\thomptr01,25.0,LAD,NL,80,262,236,31,53,11,0,13,32,5,1,26,66,0.225,0.302,0.436,0.738,96.0,103,3,0,0,0,0,2,897,512500
343,Yasmany Tomas\tomasya01,25.0,ARI,NL,140,563,530,72,144,30,1,31,83,2,4,31,136,0.272,0.313,0.508,0.82,108.0,269,18,1,0,1,4,2,*97/3,7500000
344,Kelby Tomlinson\tomlike01,26.0,SFG,NL,52,120,106,13,31,4,0,0,6,5,1,12,18,0.292,0.37,0.33,0.7,93.0,35,1,1,1,0,1,2,4/657,512500
345,Ronald Torreyes\torrero01,23.0,NYY,AL,72,169,155,20,40,7,4,1,12,2,1,10,20,0.258,0.305,0.374,0.68,81.0,58,4,1,1,1,0,2,564/D9,508600
346,Devon Travis\travide01,25.0,TOR,AL,101,432,410,54,123,28,1,11,50,4,1,20,87,0.3,0.332,0.45399999999999996,0.785,108.0,186,6,0,1,1,0,2,4/D,511200
347,Mike Trout\troutmi01,24.0,LAA,AL,159,681,549,123,173,32,5,29,100,30,7,116,137,0.315,0.441,0.55,0.991,172.0,302,5,11,0,5,12,6,*8D,16083000
348,Mark Trumbo\trumbma01,30.0,BAL,AL,159,667,613,94,157,27,1,47,108,2,0,51,170,0.256,0.316,0.5329999999999999,0.85,122.0,327,14,3,0,0,1,7,9D/37,9150000
349,Preston Tucker*\tuckepr01,25.0,HOU,AL,48,144,134,11,22,8,1,4,8,0,0,8,40,0.16399999999999998,0.222,0.32799999999999996,0.551,50.0,44,2,2,0,0,0,2,D7/9,515000
350,Troy Tulowitzki\tulowtr01,31.0,TOR,AL,131,544,492,54,125,21,0,24,79,1,0,43,101,0.254,0.318,0.44299999999999995,0.7609999999999999,102.0,218,14,5,0,4,1,11,*6/D,20000000
351,Justin Turner\turneju01,31.0,LAD,NL,151,622,556,79,153,34,3,27,90,4,1,48,107,0.275,0.33899999999999997,0.493,0.8320000000000001,121.0,274,16,10,0,8,1,8,*5/D3,5100000
352,Justin Upton\uptonju01,28.0,DET,AL,153,626,570,81,140,28,2,31,87,9,4,50,179,0.24600000000000002,0.31,0.465,0.775,106.0,265,15,4,0,2,3,10,*7/8D,22125000
353,Juan Uribe\uribeju01,37.0,CLE,AL,73,259,238,19,49,9,0,7,25,0,0,15,49,0.20600000000000002,0.259,0.332,0.591,53.0,79,6,3,0,3,1,16,5/D,4000000
354,Chase Utley*\utleych01,37.0,LAD,NL,138,565,512,79,129,26,3,14,52,2,2,40,115,0.252,0.319,0.396,0.716,92.0,203,0,11,1,1,1,14,*4/5,7000000
355,Luis Valbuena*\valbulu01,30.0,HOU,AL,90,342,292,38,76,17,1,13,40,1,1,44,81,0.26,0.35700000000000004,0.45899999999999996,0.816,125.0,134,5,1,3,2,2,9,5/34,6125000
356,Danny Valencia\valenda01,31.0,OAK,AL,130,517,471,72,135,22,1,17,51,1,1,41,115,0.287,0.34600000000000003,0.446,0.792,116.0,210,11,3,0,2,1,7,593/D7,3150000
357,Scott Van Slyke\vanslsc01,29.0,LAD,NL,52,113,102,10,23,6,0,1,7,1,2,5,24,0.225,0.292,0.314,0.606,64.0,32,3,5,0,1,1,5,79/38,1225000
358,Christian Vazquez\vazquch01,25.0,BOS,AL,57,184,172,21,39,9,1,1,12,0,0,10,39,0.22699999999999998,0.27699999999999997,0.308,0.585,55.0,53,3,2,0,0,1,3,2/D,513000
359,Jonathan Villar#\villajo01,25.0,MIL,NL,156,679,589,92,168,38,3,19,63,62,18,79,174,0.285,0.369,0.457,0.826,117.0,269,7,2,5,4,4,4,654,512900
360,Stephen Vogt*\vogtst01,31.0,OAK,AL,137,532,490,54,123,30,2,14,56,0,0,35,83,0.251,0.305,0.406,0.711,94.0,199,6,4,0,3,3,5,*2D/3,527500
361,Joey Votto*\vottojo01,32.0,CIN,NL,158,677,556,101,181,34,2,29,97,8,1,108,120,0.326,0.434,0.55,0.985,160.0,306,16,5,0,8,15,10,*3/D,20000000
362,Neil Walker#\walkene01,30.0,NYM,NL,113,458,412,57,116,9,1,23,55,3,1,42,84,0.282,0.34700000000000003,0.47600000000000003,0.823,121.0,196,11,1,0,3,3,8,*4,10550000
363,Brett Wallace*\wallabr01,29.0,SDP,NL,119,256,217,19,41,10,0,6,20,0,0,29,83,0.18899999999999997,0.309,0.318,0.627,72.0,69,2,9,0,1,3,7,53/D,1000000
364,Colin Walsh#\walshco02,26.0,MIL,NL,38,63,47,4,4,1,0,0,2,0,0,15,22,0.085,0.317,0.106,0.424,20.0,5,1,1,0,0,0,1,5/74,507500
365,Jayson Werth\werthja01,37.0,WSN,NL,143,606,525,84,128,28,0,21,69,5,1,71,139,0.244,0.335,0.41700000000000004,0.752,97.0,219,17,4,0,6,0,15,*7/D9,21000000
366,Matt Wieters#\wietema01,30.0,BAL,AL,124,464,423,48,103,17,1,17,66,1,0,32,85,0.243,0.302,0.409,0.711,89.0,173,10,5,1,3,1,8,*2/D,15800000
367,Mason Williams*\willima10,24.0,NYY,AL,12,29,27,4,8,1,0,0,2,0,0,1,12,0.29600000000000004,0.321,0.33299999999999996,0.655,76.0,9,0,0,1,0,0,2,/987D,509700
368,Tony Wolters*\wolteto01,24.0,COL,NL,71,230,205,27,53,15,2,3,30,4,1,21,53,0.259,0.327,0.395,0.723,81.0,81,1,0,4,0,2,1,2/46,507500
369,Kolten Wong*\wongko01,25.0,STL,NL,121,361,313,39,75,7,7,5,23,7,0,34,52,0.24,0.327,0.355,0.682,84.0,111,3,9,0,5,2,4,4/879,1250000
370,David Wright\wrighda03,33.0,NYM,NL,37,164,137,18,31,8,0,7,14,3,2,26,55,0.226,0.35,0.43799999999999994,0.7879999999999999,112.0,60,0,0,0,0,0,13,5,20000000
371,Christian Yelich*\yelicch01,24.0,MIA,NL,155,659,578,78,172,38,3,21,98,9,4,72,138,0.298,0.376,0.483,0.8590000000000001,135.0,279,20,4,0,5,4,4,*78/D,1000000
372,Chris Young\youngch04,32.0,BOS,AL,76,227,203,29,56,18,0,9,24,4,2,21,50,0.276,0.35200000000000004,0.498,0.85,121.0,101,4,3,0,0,0,11,7/89D,6500000
373,Ryan Zimmerman\zimmery01,31.0,WSN,NL,115,467,427,60,93,18,1,15,46,4,1,29,104,0.218,0.272,0.37,0.642,67.0,158,12,5,0,6,1,12,*3/D,14000000
374,Ben Zobrist#\zobribe01,35.0,CHC,NL,147,631,523,94,142,31,3,18,76,6,4,96,82,0.272,0.386,0.446,0.831,121.0,233,17,4,4,4,6,11,*479/36,10500000
