,Name,Age,Tm,Lg,G,PA,AB,R,H,2B,3B,HR,RBI,SB,CS,BB,SO,BA,OBP,SLG,OPS,OPS+,TB,GDP,HBP,SH,SF,IBB,Pos Summary,Salary
0,Jose Abreu\abreujo02,28.0,CHW,AL,154,668,613,88,178,34,3,30,101,0,0,39,140,0.29,0.34700000000000003,0.502,0.85,135.0,308,16,15,0,1,11,*3D,8666000
1,Dustin Ackley*\ackledu01,27.0,TOT/SEA/NYY,AL,108,264,238,28,55,11,3,10,30,2,2,18,45,0.231,0.284,0.429,0.7120000000000001,96.0,102,3,1,3,4,0,784/3D9,2600000
2,Matt Adams*\adamsma01,26.0,STL,NL,60,186,175,14,42,9,0,5,24,1,0,10,41,0.24,0.28,0.377,0.657,78.0,66,1,0,0,1,1,3,534000
3,Nick Ahmed\ahmedni01,25.0,ARI,NL,134,459,421,49,95,17,6,9,34,4,5,29,81,0.226,0.275,0.359,0.634,69.0,151,4,1,5,3,1,*6,508500
4,Arismendy Alcantara#\alcanar01,23.0,CHC,NL,11,32,26,5,2,0,0,0,1,1,0,5,11,0.077,0.226,0.077,0.303,-11.0,2,0,0,1,0,0,/45,510000
5,Yonder Alonso*\alonsyo01,28.0,SDP,NL,103,402,354,50,100,18,1,5,31,2,5,42,48,0.282,0.361,0.381,0.742,109.0,135,13,3,0,3,3,3/5,1650000
6,Jose Altuve\altuvjo01,25.0,HOU,AL,154,689,638,86,200,40,4,15,66,38,13,33,67,0.313,0.353,0.459,0.812,125.0,293,17,9,3,6,8,*4/D,2500000
7,Pedro Alvarez*\alvarpe01,28.0,PIT,NL,150,491,437,60,106,18,0,27,77,2,0,48,131,0.243,0.318,0.469,0.787,113.0,205,6,2,0,4,9,*3/D,5750000
8,Elvis Andrus\andruel01,26.0,TEX,AL,160,661,596,69,154,34,2,7,62,25,9,46,78,0.258,0.309,0.35700000000000004,0.667,80.0,213,14,2,8,9,1,*6,15000000
9,Nori Aoki*\aokino01,33.0,SFG,NL,93,392,355,42,102,12,3,5,26,14,5,30,25,0.287,0.353,0.38,0.733,103.0,135,8,6,1,0,0,7/9D,4000000
10,Oswaldo Arcia*\arciaos01,24.0,MIN,AL,19,65,58,6,16,0,0,2,8,0,0,4,15,0.276,0.338,0.379,0.718,98.0,22,2,2,0,1,4,7/9,532500
11,Nolan Arenado\arenano01,24.0,COL,NL,157,665,616,97,177,43,4,42,130,2,5,34,110,0.287,0.32299999999999995,0.575,0.898,124.0,354,17,4,0,11,13,*5,512500
12,Joaquin Arias\ariasjo01,30.0,SFG,NL,40,59,58,5,12,1,0,1,4,1,0,0,12,0.207,0.207,0.276,0.483,32.0,16,1,0,1,0,0,/5634D,1450000
13,Cody Asche*\ascheco01,25.0,PHI,NL,129,456,425,41,104,22,3,12,39,1,2,26,111,0.245,0.294,0.395,0.6890000000000001,90.0,168,4,4,0,1,3,75,517500
14,Alex Avila*\avilaal01,28.0,DET,AL,67,219,178,21,34,5,0,4,13,0,1,40,66,0.191,0.339,0.287,0.626,77.0,51,4,0,1,0,0,23/D,5400000
15,Mike Aviles\avilemi01,34.0,CLE,AL,98,317,290,37,67,10,0,5,17,3,1,20,38,0.231,0.282,0.317,0.599,61.0,92,18,1,5,1,0,7564/8D9,3500000
16,Erick Aybar#\aybarer01,31.0,LAA,AL,156,638,597,74,161,30,1,3,44,15,6,25,73,0.27,0.301,0.338,0.639,81.0,202,12,4,7,5,1,*6/D,8500000
17,Jeff Baker\bakerje03,34.0,MIA,NL,41,80,72,11,15,3,0,3,8,0,0,8,25,0.208,0.28800000000000003,0.375,0.6629999999999999,83.0,27,0,0,0,0,0,3/45D7,2100000
18,Clint Barmes\barmecl01,36.0,SDP,NL,98,224,207,24,48,14,1,3,16,0,1,10,55,0.232,0.281,0.353,0.633,76.0,73,0,4,3,0,2,6/3,1300000
19,Darwin Barney\barneda01,29.0,TOT/LAD/TOR,MLB/NL/AL,17,30,27,4,7,1,0,2,4,0,0,1,2,0.259,0.28600000000000003,0.519,0.804,114.0,14,0,0,2,0,0,4/56,2525000
20,Jose Bautista\bautijo02,34.0,TOR,AL,153,666,543,108,136,29,3,40,114,8,2,110,106,0.25,0.377,0.536,0.913,145.0,291,19,5,0,8,2,*9D,14000000
21,Gordon Beckham\beckhgo01,28.0,CHW,AL,100,237,211,24,44,8,0,6,20,0,1,19,43,0.209,0.275,0.332,0.607,70.0,70,6,2,1,4,1,54/6D,2000000
22,Tim Beckham\beckhti01,25.0,TBR,AL,82,223,203,24,45,7,4,9,37,3,1,13,69,0.222,0.274,0.429,0.7020000000000001,93.0,87,3,3,0,4,0,46D/5,508100
23,Brandon Belt*\beltbr01,27.0,SFG,NL,137,556,492,73,138,33,5,18,68,9,3,56,147,0.28,0.35600000000000004,0.478,0.8340000000000001,127.0,235,3,4,0,4,2,*37,3600000
24,Carlos Beltran#\beltrca01,38.0,NYY,AL,133,531,478,57,132,34,1,19,67,0,0,45,85,0.276,0.337,0.471,0.8079999999999999,119.0,225,12,2,0,6,2,*9/D,15000000
25,Adrian Beltre\beltrad01,36.0,TEX,AL,143,619,567,83,163,32,4,18,83,1,0,41,65,0.287,0.334,0.453,0.7879999999999999,110.0,257,18,3,0,8,4,*5/D,16000000
26,Christian Bethancourt\bethach01,23.0,ATL,NL,48,160,155,16,31,8,0,2,12,1,1,5,33,0.2,0.225,0.29,0.515,42.0,45,7,0,0,0,1,2,507500
27,Mookie Betts\bettsmo01,22.0,BOS,AL,145,654,597,92,174,42,8,18,77,21,6,46,82,0.29100000000000004,0.341,0.479,0.82,117.0,286,2,2,3,6,1,*89/D,514500
28,Charlie Blackmon*\blackch02,28.0,COL,NL,157,682,614,93,176,31,9,17,58,43,13,46,112,0.287,0.34700000000000003,0.45,0.797,102.0,276,4,13,5,4,2,*87/9,517500
29,Andres Blanco#\blancan01,31.0,PHI,NL,106,261,233,32,68,22,3,7,25,1,1,21,44,0.292,0.36,0.502,0.863,137.0,117,11,4,3,0,0,546/3,850000
30,Gregor Blanco*\blancgr01,31.0,SFG,NL,115,372,327,59,95,19,3,5,26,13,5,40,59,0.29100000000000004,0.368,0.413,0.7809999999999999,115.0,135,3,2,0,3,7,879,3600000
31,Willie Bloomquist\bloomwi01,37.0,SEA,AL,35,72,69,2,11,1,0,0,4,1,1,2,13,0.159,0.194,0.174,0.368,5.0,12,2,1,0,0,0,/465739,3000000
32,Brennan Boesch*\boescbr01,30.0,CIN,NL,51,94,89,4,13,2,0,1,5,1,0,4,30,0.146,0.191,0.202,0.394,8.0,18,0,1,0,0,0,/879D,1250000
33,Xander Bogaerts\bogaexa01,22.0,BOS,AL,156,654,613,84,196,35,3,7,81,10,2,32,101,0.32,0.355,0.421,0.7759999999999999,107.0,258,16,3,3,3,1,*6,543000
34,Emilio Bonifacio#\bonifem01,30.0,CHW,AL,47,82,78,5,13,2,0,0,4,1,4,2,27,0.16699999999999998,0.198,0.192,0.39,10.0,15,1,1,1,0,0,4/D875,3000000
35,Jason Bourgeois\bourgja01,33.0,CIN,NL,68,212,196,28,47,5,2,3,14,3,1,14,33,0.24,0.294,0.332,0.625,72.0,65,2,1,1,0,0,87/9,522500
36,Peter Bourjos\bourjpe01,28.0,STL,NL,117,225,195,32,39,8,3,4,13,5,8,19,59,0.2,0.29,0.333,0.623,70.0,65,2,6,4,1,4,8,1650000
37,Jackie Bradley Jr.*\bradlja02,25.0,BOS,AL,74,255,221,43,55,17,4,10,43,3,0,27,69,0.249,0.335,0.498,0.8320000000000001,119.0,110,5,3,1,3,0,987,528000
38,Michael Brantley*\brantmi02,28.0,CLE,AL,137,596,529,68,164,45,0,15,84,15,1,60,51,0.31,0.379,0.48,0.8590000000000001,129.0,254,14,2,0,5,8,*78D,5875000
39,Ryan Braun\braunry02,31.0,MIL,NL,140,568,506,87,144,27,3,25,84,24,4,54,115,0.285,0.35600000000000004,0.498,0.8540000000000001,131.0,252,20,4,0,3,4,*9/D,13000000
40,Domonic Brown*\browndo01,27.0,PHI,NL,63,204,189,19,43,6,1,5,25,3,1,14,36,0.228,0.284,0.349,0.634,75.0,66,2,1,0,0,0,9,2600000
41,Jay Bruce*\bruceja01,28.0,CIN,NL,157,649,580,72,131,35,4,26,87,9,5,58,145,0.226,0.294,0.434,0.7290000000000001,97.0,252,10,2,0,9,8,*9/D,12000000
42,Drew Butera\buterdr01,31.0,TOT/LAA/KCR,AL,55,120,107,9,21,3,0,1,5,0,1,6,26,0.196,0.252,0.252,0.505,39.0,27,0,2,5,0,0,2/3,987500
43,Billy Butler\butlebi03,29.0,OAK,AL,151,601,538,63,135,28,1,15,65,0,0,52,101,0.251,0.32299999999999995,0.39,0.713,98.0,210,26,7,0,4,4,*D/3,6666000
44,Asdrubal Cabrera#\cabreas01,29.0,TBR,AL,143,551,505,66,134,28,5,15,58,6,3,36,107,0.265,0.315,0.43,0.7440000000000001,106.0,217,14,3,1,6,4,*6/D,7500000
45,Everth Cabrera#\cabreev01,28.0,BAL,AL,29,105,96,7,20,2,0,0,4,2,0,5,22,0.208,0.25,0.229,0.479,33.0,22,4,1,1,2,0,6/4,2400000
46,Melky Cabrera#\cabreme01,30.0,CHW,AL,158,683,629,70,172,36,2,12,77,3,0,40,88,0.273,0.314,0.394,0.7090000000000001,97.0,248,18,2,2,10,2,*7/D,13000000
47,Miguel Cabrera\cabremi01,32.0,DET,AL,119,511,429,64,145,28,1,18,76,1,1,77,82,0.338,0.44,0.534,0.974,169.0,229,19,3,0,2,15,3D,22000000
48,Lorenzo Cain\cainlo01,29.0,KCR,AL,140,604,551,101,169,34,6,16,72,28,6,37,98,0.307,0.361,0.477,0.838,125.0,263,16,12,0,4,4,*8/9D,2725000
49,Kole Calhoun*\calhoko01,27.0,LAA,AL,159,686,630,78,161,23,2,26,83,4,1,45,164,0.256,0.308,0.422,0.731,104.0,266,6,5,2,4,1,*9/3D,537500
50,Eric Campbell\campber01,28.0,NYM,NL,71,206,173,28,34,8,0,3,19,5,3,26,37,0.197,0.312,0.295,0.607,70.0,51,11,4,1,2,1,5/37,511065
51,Robinson Cano*\canoro01,32.0,SEA,AL,156,674,624,82,179,34,1,21,79,2,6,43,107,0.287,0.334,0.446,0.779,117.0,278,26,3,0,4,5,*4/D,24000000
52,Matt Carpenter*\carpema01,29.0,STL,NL,154,665,574,101,156,44,3,28,84,4,3,81,151,0.272,0.365,0.505,0.871,135.0,290,5,6,0,4,5,*54/3,3750000
53,Chris Carter\cartech02,28.0,HOU,AL,129,460,391,50,78,17,0,24,64,1,2,57,151,0.199,0.307,0.4270000000000001,0.7340000000000001,102.0,167,5,6,0,5,1,*3/D,4175000
54,Nicholas Castellanos\casteni01,23.0,DET,AL,154,595,549,42,140,33,6,15,73,0,3,39,152,0.255,0.303,0.419,0.721,97.0,230,21,1,0,6,1,*5/D,525000
55,Rusney Castillo\castiru02,27.0,BOS,AL,80,289,273,35,69,10,2,5,29,4,5,13,54,0.253,0.28800000000000003,0.359,0.647,72.0,98,11,1,1,1,0,97/8D,11271000
56,Jason Castro*\castrja01,28.0,HOU,AL,104,375,337,38,71,19,0,11,31,0,0,33,115,0.211,0.28300000000000003,0.365,0.648,79.0,123,5,2,0,3,1,2,4000000
57,Starlin Castro\castrst01,25.0,CHC,NL,151,578,547,52,145,23,2,11,69,5,5,21,91,0.265,0.29600000000000004,0.375,0.6709999999999999,84.0,205,18,5,1,4,6,*64,6857143
58,Garin Cecchini*\cecchga01,24.0,BOS,AL,2,4,4,0,0,0,0,0,0,0,0,0,3,0.0,0.0,0.0,0.0,-100.0,0,0,0,0,0,0,/3D,508500
59,Juan Centeno*\centeju01,25.0,MIL,NL,10,23,21,0,1,1,0,0,0,0,0,2,7,0.048,0.13,0.095,0.226,-37.0,2,0,0,0,0,0,/2,507500
60,Francisco Cervelli\cervefr01,29.0,PIT,NL,130,510,451,56,133,17,5,7,43,1,1,46,94,0.295,0.37,0.401,0.7709999999999999,113.0,181,12,8,4,1,1,*2/D,987500
61,Yoenis Cespedes\cespeyo01,29.0,TOT/DET/NYM,MLB/AL/NL,159,676,633,101,184,42,6,35,105,7,5,33,141,0.29100000000000004,0.328,0.542,0.87,136.0,343,14,5,0,5,5,*78/D,10500000
62,Robinson Chirinos\chiriro01,31.0,TEX,AL,78,273,233,33,54,16,1,10,34,0,0,28,62,0.232,0.325,0.438,0.762,104.0,102,4,5,5,2,0,2,518290
63,Lonnie Chisenhall*\chiselo01,26.0,CLE,AL,106,362,333,38,82,19,1,7,44,4,1,23,69,0.246,0.294,0.3720000000000001,0.667,77.0,124,0,1,2,3,3,95/D,2250000
64,Shin-Soo Choo*\choosh01,32.0,TEX,AL,149,653,555,94,153,32,3,22,82,4,2,76,147,0.276,0.375,0.463,0.838,125.0,257,7,15,2,5,1,*9/D,14000000
65,Steve Clevenger*\clevest01,29.0,BAL,AL,30,105,101,11,29,4,2,2,15,0,0,4,13,0.287,0.314,0.426,0.74,100.0,43,3,0,0,0,1,D/23,514000
66,Chris Coghlan*\coghlch01,30.0,CHC,NL,148,503,440,64,110,25,6,16,41,11,2,58,94,0.25,0.341,0.443,0.784,115.0,195,8,3,1,1,6,*794/35,2505000
67,Christian Colon\colonch01,26.0,KCR,AL,43,119,107,8,31,5,0,0,6,3,2,11,17,0.29,0.35600000000000004,0.336,0.6920000000000001,90.0,36,2,0,1,0,0,64/5,509525
68,Hank Conger#\congeha01,27.0,HOU,AL,73,229,201,25,46,11,0,11,33,0,1,23,63,0.229,0.311,0.448,0.759,109.0,90,6,2,1,2,0,2/7,1075000
69,Carlos Corporan#\corpoca01,31.0,TEX,AL,33,121,107,10,19,4,0,3,15,0,0,6,40,0.17800000000000002,0.244,0.299,0.5429999999999999,46.0,32,1,4,2,2,0,2/D,975000
70,Collin Cowgill\cowgico01,29.0,LAA,AL,55,74,69,10,13,2,1,1,2,2,1,4,19,0.188,0.233,0.29,0.523,47.0,20,1,0,1,0,0,7/89D,995000
71,Zack Cozart\cozarza01,29.0,CIN,NL,53,214,194,28,50,10,1,9,28,3,3,14,29,0.258,0.31,0.459,0.769,108.0,89,4,2,1,3,1,6,2350000
72,Allen Craig\craigal01,30.0,BOS,AL,36,88,79,6,12,1,0,1,3,0,0,7,26,0.152,0.239,0.203,0.441,21.0,16,2,2,0,0,0,/D973,5500000
73,Brandon Crawford*\crawfbr01,28.0,SFG,NL,143,561,507,65,130,33,4,21,84,6,4,39,119,0.256,0.321,0.462,0.782,113.0,234,18,11,0,4,9,*6,3175000
74,Carl Crawford*\crawfca02,33.0,LAD,NL,69,193,181,19,48,9,2,4,16,10,2,10,41,0.265,0.304,0.403,0.7070000000000001,96.0,73,3,0,0,0,1,7/D,21357000
75,Coco Crisp#\crispco01,35.0,OAK,AL,44,139,126,11,22,6,0,0,6,2,0,13,25,0.175,0.252,0.222,0.474,35.0,28,2,0,0,0,0,7,11000000
76,C.J. Cron\croncj01,25.0,LAA,AL,113,404,378,37,99,17,1,16,51,3,1,17,82,0.262,0.3,0.439,0.7390000000000001,106.0,166,9,5,0,3,1,3D,512500
77,Nelson Cruz\cruzne02,34.0,SEA,AL,152,655,590,90,178,22,1,44,93,3,2,59,164,0.302,0.369,0.5660000000000001,0.936,159.0,334,6,5,0,1,9,9D,14250000
78,Tony Cruz\cruzto03,28.0,STL,NL,69,151,142,6,29,7,1,2,11,0,0,6,32,0.204,0.235,0.31,0.545,47.0,44,6,0,2,1,0,2/5,775000
79,Michael Cuddyer\cuddymi01,36.0,NYM,NL,117,408,379,44,98,18,1,10,41,2,0,24,88,0.259,0.309,0.391,0.6990000000000001,93.0,148,13,4,0,1,0,73/9D,8500000
80,Todd Cunningham#\cunnito01,26.0,ATL,NL,39,93,86,13,19,4,0,0,4,2,1,5,17,0.221,0.28,0.267,0.547,53.0,23,1,2,0,0,1,7/98,507500
81,Travis d'Arnaud\darnatr01,26.0,NYM,NL,67,268,239,31,64,14,1,12,41,0,0,23,49,0.268,0.34,0.485,0.825,126.0,116,7,4,0,2,0,2,525424
82,Chris Davis*\davisch02,29.0,BAL,AL,160,670,573,100,150,31,0,47,117,2,3,84,208,0.262,0.361,0.562,0.923,147.0,322,6,8,0,5,6,*39D,12000000
83,Khris Davis\daviskh01,27.0,MIL,NL,121,440,392,54,97,16,2,27,66,6,2,44,122,0.247,0.32299999999999995,0.505,0.828,123.0,198,9,1,0,3,1,7,519500
84,Rajai Davis\davisra01,34.0,DET,AL,112,370,341,55,88,16,11,8,30,18,8,22,76,0.258,0.306,0.44,0.746,103.0,150,5,3,1,3,0,879/D,5000000
85,Matt den Dekker*\dendema01,27.0,WSN,NL,55,110,99,12,25,6,1,5,12,0,1,9,20,0.253,0.315,0.485,0.8,114.0,48,0,0,2,0,0,79/8,512972
86,Daniel Descalso*\descada01,28.0,COL,NL,101,209,185,22,38,3,2,5,22,1,2,20,45,0.205,0.28300000000000003,0.324,0.607,55.0,60,3,0,4,0,6,64/359,1500000
87,Ian Desmond\desmoia01,29.0,WSN,NL,156,641,583,69,136,27,2,19,62,13,5,45,187,0.233,0.29,0.384,0.674,82.0,224,9,3,6,4,0,*6,11000000
88,Corey Dickerson*\dickeco01,26.0,COL,NL,65,234,224,30,68,18,2,10,31,0,1,10,56,0.304,0.333,0.536,0.8690000000000001,118.0,120,3,0,0,0,0,7/8D,512500
89,Josh Donaldson\donaljo02,29.0,TOR,AL,158,711,620,122,184,41,2,41,123,6,0,73,133,0.297,0.371,0.568,0.939,151.0,352,16,6,2,10,0,*5/D,4300000
90,Brian Dozier\doziebr01,28.0,MIN,AL,157,704,628,101,148,39,4,28,77,12,4,61,148,0.236,0.307,0.444,0.7509999999999999,104.0,279,10,7,0,8,2,*4,2000000
91,Stephen Drew*\drewst01,32.0,NYY,AL,131,428,383,43,77,16,1,17,44,0,2,37,71,0.201,0.271,0.381,0.652,77.0,146,7,1,4,3,1,*46/5,5000000
92,Lucas Duda*\dudalu01,29.0,NYM,NL,135,554,471,67,115,33,0,27,73,0,2,66,138,0.244,0.35200000000000004,0.486,0.838,130.0,229,12,14,0,3,7,*3,4200000
93,Matt Duffy\duffyma01,24.0,SFG,NL,149,612,573,77,169,28,6,12,77,12,0,30,96,0.295,0.334,0.428,0.762,108.0,245,22,5,2,2,0,*5/463,509000
94,Jarrod Dyson*\dysonja01,30.0,KCR,AL,90,225,200,31,50,8,6,2,18,26,3,14,37,0.25,0.311,0.38,0.691,86.0,76,3,4,6,1,0,879/D,1225000
95,Adam Eaton*\eatonad02,26.0,CHW,AL,153,689,610,98,175,28,9,14,56,18,8,58,131,0.287,0.361,0.431,0.792,122.0,263,5,14,5,2,2,*8/D,850000
96,A.J. Ellis\ellisaj01,34.0,LAD,NL,63,217,181,24,43,9,0,7,21,0,0,32,38,0.238,0.355,0.403,0.758,113.0,73,4,1,3,0,1,2,4250000
97,Jacoby Ellsbury*\ellsbja01,31.0,NYY,AL,111,501,452,66,116,15,2,7,33,21,9,35,86,0.257,0.318,0.345,0.6629999999999999,83.0,156,6,7,1,3,1,*8,21142857
98,Edwin Encarnacion\encared01,32.0,TOR,AL,146,624,528,94,146,31,0,39,111,3,2,77,98,0.277,0.3720000000000001,0.557,0.929,148.0,294,14,9,0,10,5,D3,10000000
99,Alcides Escobar\escobal02,28.0,KCR,AL,148,662,612,76,157,20,5,3,47,17,5,26,75,0.257,0.293,0.32,0.614,67.0,196,10,8,11,5,1,*6,3000000
100,Eduardo Escobar#\escobed01,26.0,MIN,AL,127,446,409,48,107,31,4,12,58,2,3,28,86,0.262,0.309,0.445,0.754,105.0,182,7,2,2,5,1,674/D59,532500
101,Yunel Escobar\escobyu01,32.0,WSN,NL,139,591,535,75,168,25,1,9,56,2,2,45,70,0.314,0.375,0.415,0.79,115.0,222,24,8,1,2,0,*5/D,5000000
102,Danny Espinosa#\espinda01,28.0,WSN,NL,118,412,367,59,88,21,1,13,37,5,2,33,106,0.24,0.311,0.409,0.7190000000000001,94.0,150,6,6,3,3,5,45/637,1800000
103,Andre Ethier*\ethiean01,33.0,LAD,NL,142,445,395,54,116,20,7,14,53,2,3,43,75,0.294,0.366,0.486,0.852,137.0,192,11,4,0,3,2,*97/8D,18000000
104,Prince Fielder*\fieldpr01,31.0,TEX,AL,158,693,613,78,187,28,0,23,98,0,0,64,88,0.305,0.378,0.463,0.841,126.0,284,21,11,0,5,14,*D3,24000000
105,Ryan Flaherty*\flahery01,28.0,BAL,AL,91,301,267,34,54,8,3,9,31,0,0,26,81,0.202,0.281,0.35600000000000004,0.637,73.0,95,8,4,2,2,2,463/597,1075000
106,Wilmer Flores\florewi01,23.0,NYM,NL,137,510,483,55,127,22,0,16,59,0,1,19,63,0.263,0.295,0.408,0.703,93.0,197,12,4,2,2,2,64,513543
107,Pedro Florimon#\floripe01,28.0,PIT,NL,24,25,23,5,2,0,1,0,1,1,0,2,12,0.087,0.16,0.174,0.334,-8.0,4,0,0,0,0,0,6/4,521000
108,Tyler Flowers\flowety01,29.0,CHW,AL,112,361,331,21,79,12,0,9,39,0,1,21,104,0.239,0.295,0.35600000000000004,0.652,82.0,118,8,6,2,1,0,*2/3D,2675000
109,Logan Forsythe\forsylo01,28.0,TBR,AL,153,615,540,69,152,33,2,17,68,9,4,55,111,0.281,0.359,0.444,0.804,124.0,240,12,14,0,6,2,*43/5D,1100000
110,Dexter Fowler#\fowlede01,29.0,CHC,NL,156,690,596,102,149,29,8,17,46,20,7,84,154,0.25,0.34600000000000003,0.411,0.757,109.0,245,4,5,2,3,1,*8,9500000
111,Todd Frazier\frazito01,29.0,CIN,NL,157,678,619,82,158,43,1,35,89,13,8,44,137,0.255,0.309,0.498,0.8059999999999999,117.0,308,19,7,1,7,3,*5,4500000
112,Freddie Freeman*\freemfr01,25.0,ATL,NL,118,481,416,62,115,27,0,18,66,3,1,56,98,0.276,0.37,0.471,0.841,132.0,196,6,7,0,2,4,*3/D,8500000
113,David Freese\freesda01,32.0,LAA,AL,121,470,424,53,109,27,0,14,56,1,1,31,107,0.257,0.32299999999999995,0.42,0.743,109.0,178,12,12,0,3,0,*5/D,6425000
114,Sam Fuld*\fuldsa01,33.0,OAK,AL,120,325,290,34,57,16,3,2,22,9,3,30,55,0.197,0.276,0.293,0.569,60.0,85,6,2,2,1,1,789/D,1750000
115,Freddy Galvis#\galvifr01,25.0,PHI,NL,151,603,559,63,147,14,5,7,50,10,1,30,103,0.263,0.302,0.343,0.645,79.0,192,11,3,7,4,1,*6/4,513500
116,Avisail Garcia\garciav01,24.0,CHW,AL,148,601,553,66,142,17,2,13,59,7,7,36,141,0.257,0.309,0.365,0.675,89.0,202,13,8,0,4,3,*9D,523000
117,Brett Gardner*\gardnbr01,31.0,NYY,AL,151,656,571,94,148,26,3,16,66,20,5,68,135,0.259,0.343,0.399,0.742,103.0,228,8,6,8,3,1,*78,12500000
118,Evan Gattis\gattiev01,28.0,HOU,AL,153,604,566,66,139,20,11,27,88,0,1,30,119,0.246,0.285,0.463,0.748,104.0,262,13,3,0,5,3,*D7,526500
119,Scooter Gennett*\gennesc01,25.0,MIL,NL,114,391,375,42,99,18,4,6,29,1,3,12,68,0.264,0.294,0.381,0.675,84.0,143,11,4,0,0,5,4,516500
120,Craig Gentry\gentrcr01,31.0,OAK,AL,26,56,50,6,6,0,2,0,3,1,1,4,15,0.12,0.196,0.2,0.396,12.0,10,0,1,0,1,0,7/89D,1600000
121,Johnny Giavotella\giavojo01,27.0,LAA,AL,129,502,453,51,123,25,5,4,49,2,1,32,59,0.272,0.318,0.375,0.6940000000000001,96.0,170,7,2,9,6,0,*4/6,516250
122,Conor Gillaspie*\gillaco01,27.0,TOT/CHW/LAA,AL,75,253,237,14,54,15,2,4,24,0,1,13,47,0.228,0.269,0.359,0.627,75.0,85,2,1,0,2,2,5/3D4,550000
123,Ryan Goins*\goinsry01,27.0,TOR,AL,128,428,376,52,94,16,4,5,45,2,1,39,83,0.25,0.318,0.354,0.672,83.0,133,12,1,7,5,0,46/579,512800
124,Paul Goldschmidt\goldspa01,27.0,ARI,NL,159,695,567,103,182,38,2,33,110,21,5,118,151,0.321,0.435,0.57,1.005,168.0,323,16,2,0,7,29,*3/D,3100000
125,Jonny Gomes\gomesjo01,34.0,KCR,AL,12,34,30,2,5,2,0,0,4,0,0,3,14,0.16699999999999998,0.235,0.233,0.469,28.0,7,1,0,0,1,0,/9D,4000000
126,Yan Gomes\gomesya01,27.0,CLE,AL,95,389,363,38,84,22,0,12,45,0,0,13,104,0.231,0.267,0.391,0.659,74.0,142,11,7,0,6,1,2/D,1000000
127,Hector Gomez\gomezhe01,27.0,MIL,NL,66,134,127,15,23,11,2,1,7,0,0,3,40,0.181,0.212,0.32299999999999995,0.535,44.0,41,1,2,2,0,0,45/67,507500
128,Adrian Gonzalez*\gonzaad01,33.0,LAD,NL,156,643,571,76,157,33,0,28,90,0,1,62,107,0.275,0.35,0.48,0.83,130.0,274,21,6,0,3,10,*3/D,21857000
129,Carlos Gonzalez*\gonzaca01,29.0,COL,NL,153,608,554,87,150,25,2,40,97,2,0,46,133,0.271,0.325,0.54,0.8640000000000001,116.0,299,11,1,1,6,6,*9,16000000
130,Marwin Gonzalez#\gonzama01,26.0,HOU,AL,120,370,344,44,96,18,1,12,34,4,5,16,74,0.279,0.317,0.442,0.759,109.0,152,9,3,7,0,0,36547/D,1062500
131,Alex Gordon*\gordoal01,31.0,KCR,AL,104,422,354,40,96,18,0,13,48,2,5,49,92,0.271,0.377,0.4320000000000001,0.809,119.0,153,2,14,0,5,7,7/D,12500000
132,Dee Gordon*\gordode01,27.0,MIA,NL,145,653,615,88,205,24,8,4,46,58,20,25,91,0.333,0.359,0.418,0.7759999999999999,116.0,257,6,2,6,5,2,*4,2500000
133,Anthony Gose*\gosean01,24.0,DET,AL,140,535,485,73,123,24,8,5,26,23,11,45,145,0.254,0.321,0.3670000000000001,0.688,90.0,178,11,3,2,0,0,*8,515000
134,Tuffy Gosewisch\gosewtu01,31.0,ARI,NL,38,138,128,9,27,6,0,1,13,2,1,8,23,0.211,0.261,0.281,0.542,46.0,36,2,1,0,1,0,2,514500
135,Phil Gosselin\gosseph01,26.0,TOT/ATL/ARI,NL,44,118,106,19,33,9,1,3,15,2,1,9,16,0.311,0.373,0.5,0.873,135.0,53,2,2,0,1,0,4/57,507500
136,Yasmani Grandal#\grandya01,26.0,LAD,NL,115,426,355,43,83,12,0,16,47,0,1,65,92,0.234,0.353,0.403,0.7559999999999999,112.0,143,16,2,1,3,1,2/3,693000
137,Curtis Granderson*\grandcu01,34.0,NYM,NL,157,682,580,98,150,33,2,26,70,11,6,91,151,0.259,0.364,0.457,0.821,127.0,265,3,7,0,4,3,*9/8D,16000000
138,Didi Gregorius*\gregodi01,25.0,NYY,AL,155,578,525,57,139,24,2,9,56,5,3,33,85,0.265,0.318,0.37,0.688,89.0,194,4,11,3,6,0,*6,553900
139,Randal Grichuk\grichra01,23.0,STL,NL,103,350,323,49,89,23,7,17,47,4,2,22,110,0.276,0.329,0.5479999999999999,0.877,134.0,177,6,4,0,1,2,789,510000
140,Robbie Grossman#\grossro01,25.0,HOU,AL,24,54,49,7,7,2,0,1,5,0,0,5,17,0.14300000000000002,0.222,0.245,0.467,31.0,12,0,0,0,0,0,7/9D,515000
141,Alex Guerrero\guerral01,28.0,LAD,NL,106,230,219,25,51,9,1,11,36,1,0,7,57,0.233,0.261,0.434,0.695,90.0,95,7,2,0,2,0,75/D,6500000
142,Brandon Guyer\guyerbr01,29.0,TBR,AL,128,385,332,51,88,21,2,8,28,10,4,25,61,0.265,0.359,0.413,0.7709999999999999,116.0,137,5,24,3,1,0,*798/D,515800
143,Jedd Gyorko\gyorkje01,26.0,SDP,NL,128,458,421,34,104,15,0,16,57,0,1,27,107,0.247,0.297,0.397,0.6940000000000001,93.0,167,13,5,0,5,1,46/3D,2000000
144,Billy Hamilton#\hamilbi02,24.0,CIN,NL,114,454,412,56,93,8,3,4,28,57,8,28,75,0.226,0.274,0.289,0.563,55.0,119,5,1,9,4,0,*8,545000
145,Josh Hamilton*\hamiljo03,34.0,TEX,AL,50,182,170,22,43,8,0,8,25,0,0,10,52,0.253,0.29100000000000004,0.441,0.732,94.0,75,1,0,0,2,0,79/D,22708749
146,Ryan Hanigan\hanigry01,34.0,BOS,AL,54,201,174,28,43,8,0,2,16,0,0,20,39,0.247,0.337,0.328,0.664,80.0,57,6,4,1,1,0,2,3500000
147,J.J. Hardy\hardyjj01,32.0,BAL,AL,114,437,411,45,90,14,0,8,37,0,0,20,88,0.219,0.253,0.311,0.564,54.0,128,11,0,2,4,0,*6,11500000
148,Bryce Harper*\harpebr03,22.0,WSN,NL,153,654,521,118,172,38,1,42,99,6,4,124,131,0.33,0.46,0.649,1.109,198.0,338,15,5,0,4,15,*98/D,2500000
149,Josh Harrison\harrijo05,27.0,PIT,NL,114,449,418,57,120,29,1,4,28,10,8,19,71,0.287,0.327,0.39,0.7170000000000001,97.0,163,4,7,3,2,1,5497,3050000
150,Corey Hart\hartco01,33.0,PIT,NL,35,57,54,3,12,1,0,2,9,0,0,1,19,0.222,0.246,0.35200000000000004,0.597,62.0,19,5,1,0,1,1,/39D,2500000
151,Chase Headley#\headlch01,31.0,NYY,AL,156,642,580,74,150,29,1,11,62,0,2,51,135,0.259,0.324,0.369,0.693,90.0,214,17,7,0,4,0,*5/3,13000000
152,Adeiny Hechavarria\hechaad01,26.0,MIA,NL,130,499,470,54,132,17,6,5,48,7,2,23,78,0.281,0.315,0.374,0.6890000000000001,92.0,176,18,2,0,4,4,*6,1925000
153,Chris Heisey\heisech01,30.0,LAD,NL,33,72,55,8,10,2,0,2,9,0,1,15,17,0.182,0.34700000000000003,0.327,0.674,91.0,18,1,0,0,2,2,798,2160000
154,Cesar Hernandez#\hernace02,25.0,PHI,NL,127,452,405,57,110,20,4,1,35,19,5,40,86,0.272,0.339,0.348,0.687,92.0,141,6,2,4,1,1,465,510000
155,Jonathan Herrera#\herrejo03,30.0,CHC,NL,73,132,126,14,29,5,1,2,14,3,0,2,23,0.23,0.242,0.333,0.5760000000000001,57.0,42,3,0,4,0,1,45/6,900000
156,Chris Herrmann*\herrmch01,27.0,MIN,AL,45,113,103,13,15,5,1,2,10,0,0,7,37,0.146,0.214,0.272,0.486,33.0,28,1,2,1,0,0,2/39D,510000
157,Jason Heyward*\heywaja01,25.0,STL,NL,154,610,547,79,160,33,4,13,60,23,3,56,90,0.293,0.359,0.439,0.797,117.0,240,13,2,0,3,4,*98,7800000
158,Aaron Hill\hillaa01,33.0,ARI,NL,116,353,313,32,72,18,0,6,39,7,2,31,54,0.23,0.295,0.345,0.64,72.0,108,9,1,0,8,0,45/D,12000000
159,Matt Holliday\hollima01,35.0,STL,NL,73,277,229,24,64,16,1,4,35,2,1,39,49,0.279,0.394,0.41,0.804,121.0,94,9,6,0,3,5,7/D,17000000
160,Brock Holt*\holtbr01,27.0,BOS,AL,129,509,454,56,127,27,6,2,45,8,1,46,97,0.28,0.349,0.379,0.727,96.0,172,7,3,4,2,0,45976/38D,530500
161,Eric Hosmer*\hosmeer01,25.0,KCR,AL,158,667,599,98,178,33,5,18,93,7,3,61,108,0.297,0.363,0.459,0.8220000000000001,122.0,275,16,3,1,3,6,*3/D9,5650000
162,Ryan Howard*\howarry01,35.0,PHI,NL,129,503,467,53,107,29,1,23,77,0,0,27,138,0.229,0.277,0.443,0.72,96.0,207,11,5,0,3,2,*3/D,25000000
163,Nick Hundley\hundlni01,31.0,COL,NL,103,389,366,45,110,21,5,10,43,5,6,21,76,0.301,0.339,0.467,0.807,104.0,171,8,1,0,1,0,2,3100000
164,Torii Hunter\hunteto01,39.0,MIN,AL,139,567,521,67,125,22,0,22,81,2,5,35,105,0.24,0.293,0.409,0.7020000000000001,91.0,213,14,6,0,5,1,*9D,10500000
165,Chris Iannetta\iannech01,32.0,LAA,AL,92,317,272,28,51,10,0,10,34,0,1,41,83,0.188,0.293,0.335,0.628,78.0,91,11,1,0,3,1,2/3D,5525000
166,Jose Iglesias\iglesjo01,25.0,DET,AL,120,454,416,44,125,17,3,2,23,11,8,25,44,0.3,0.34700000000000003,0.37,0.7170000000000001,99.0,154,10,6,4,3,2,*6,1443750
167,Ender Inciarte*\inciaen01,24.0,ARI,NL,132,561,524,73,159,27,5,6,45,21,10,26,58,0.303,0.338,0.408,0.747,100.0,214,8,4,2,5,0,*978,513000
168,Omar Infante\infanom01,33.0,KCR,AL,124,455,440,39,97,23,7,2,44,2,2,9,69,0.22,0.234,0.318,0.552,48.0,140,8,0,2,4,0,*4,7500000
169,Travis Ishikawa*\ishiktr01,31.0,TOT/SFG/PIT,NL,44,72,63,6,13,3,0,1,8,0,0,9,20,0.206,0.306,0.302,0.607,69.0,19,2,0,0,0,0,3/7,1100000
170,Austin Jackson\jacksau01,28.0,TOT/SEA/CHC,MLB/AL/NL,136,527,491,56,131,25,3,9,48,17,10,29,126,0.267,0.311,0.385,0.696,95.0,189,5,3,3,1,0,*89/7,7700000
171,John Jaso*\jasojo01,31.0,TBR,AL,70,216,185,23,53,17,0,5,22,1,2,28,39,0.28600000000000003,0.38,0.459,0.8390000000000001,134.0,85,5,1,0,2,1,D/79,3175000
172,Jon Jay*\jayjo02,30.0,STL,NL,79,245,210,25,44,5,1,1,10,0,2,19,36,0.21,0.306,0.257,0.563,56.0,54,7,11,3,2,5,87/9,4125000
173,Desmond Jennings\jennide01,28.0,TBR,AL,28,108,97,9,26,2,1,1,7,5,3,8,17,0.268,0.324,0.34,0.664,87.0,33,2,1,0,2,0,78/D,3100000
174,Luis Jimenez\jimenlu02,27.0,TOT/MIL/BOS,MLB/NL/AL,16,17,16,1,1,0,0,0,0,0,0,1,6,0.063,0.118,0.063,0.18,-49.0,1,0,0,0,0,0,/54D,508500
175,Kelly Johnson*\johnske05,33.0,TOT/ATL/NYM,NL,111,335,310,38,82,11,0,14,47,2,1,23,81,0.265,0.314,0.435,0.75,106.0,135,8,0,0,1,2,7435/9D6,1500000
176,Reed Johnson\johnsre02,38.0,WSN,NL,17,24,22,0,5,1,0,0,3,0,0,0,6,0.227,0.25,0.273,0.523,42.0,6,1,1,0,1,0,/79,1000000
177,Adam Jones\jonesad01,29.0,BAL,AL,137,581,546,74,147,25,3,27,82,3,1,24,102,0.269,0.308,0.474,0.782,110.0,259,21,8,0,3,3,*8/D,13333333
178,Caleb Joseph\josepca01,29.0,BAL,AL,100,355,320,38,75,16,1,11,49,0,0,27,72,0.234,0.299,0.394,0.693,88.0,126,7,3,3,1,2,2/D3,515000
179,Matthew Joyce*\joycema01,30.0,LAA,AL,93,284,247,17,43,12,1,5,21,0,3,30,67,0.174,0.272,0.29100000000000004,0.564,60.0,72,5,4,1,2,1,7D/9,4750000
180,Jung Ho Kang\kangju01,28.0,PIT,NL,126,467,421,60,121,24,2,15,58,5,4,28,99,0.287,0.355,0.461,0.816,123.0,194,10,17,0,1,0,56,2500000
181,Don Kelly*\kellydo01,35.0,MIA,NL,2,1,1,0,0,0,0,0,0,0,0,0,0,0.0,0.0,0.0,0.0,-100.0,0,0,0,0,0,0,/35,1250000
182,Matt Kemp\kempma01,30.0,SDP,NL,154,648,596,80,158,31,3,23,100,12,2,39,147,0.265,0.312,0.443,0.755,109.0,264,17,5,0,8,0,*9/D,21250000
183,Howie Kendrick\kendrho01,31.0,LAD,NL,117,495,464,64,137,22,2,9,54,6,2,27,82,0.295,0.336,0.409,0.746,108.0,190,17,2,1,1,1,*4,9500000
184,Kevin Kiermaier*\kiermke01,25.0,TBR,AL,151,535,505,62,133,25,12,10,40,18,5,24,95,0.263,0.298,0.42,0.718,99.0,212,7,2,2,2,0,*8/9,513800
185,Ian Kinsler\kinslia01,33.0,DET,AL,154,675,624,94,185,35,7,11,73,10,6,43,80,0.29600000000000004,0.342,0.428,0.77,112.0,267,13,3,0,5,0,*4/D,16000000
186,Jason Kipnis*\kipnija01,28.0,CLE,AL,141,641,565,86,171,43,7,9,52,12,8,57,107,0.303,0.3720000000000001,0.451,0.823,120.0,255,5,9,4,6,6,*4D,4166666
187,Pete Kozma\kozmape01,27.0,STL,NL,76,111,99,15,15,0,0,0,2,3,1,10,21,0.152,0.236,0.152,0.388,9.0,15,0,1,1,0,2,645/3D7,522000
188,Erik Kratz\kratzer01,35.0,TOT/KCR/PHI,MLB/AL/NL,16,28,26,3,5,2,0,0,3,0,0,1,5,0.192,0.214,0.269,0.484,33.0,7,0,0,0,1,0,/23,532500
189,Tommy La Stella*\lasteto01,26.0,CHC,NL,33,75,67,4,18,6,0,1,11,2,0,5,7,0.269,0.324,0.403,0.727,100.0,27,1,1,0,1,0,45,513000
190,Juan Lagares\lagarju01,26.0,NYM,NL,143,465,441,47,114,16,5,6,41,7,3,16,87,0.259,0.289,0.358,0.647,79.0,158,6,4,1,3,2,*8/9,528696
191,Gerald Laird\lairdge01,35.0,ARI,NL,1,2,2,0,0,0,0,0,0,0,0,0,0,0.0,0.0,0.0,0.0,-100.0,0,0,0,0,0,0,/2,1000000
192,Jake Lamb*\lambja01,24.0,ARI,NL,107,390,350,38,92,15,5,6,34,3,2,36,97,0.263,0.331,0.386,0.716,92.0,135,5,1,0,3,3,5/3,508500
193,Andrew Lambo*\lamboan01,26.0,PIT,NL,20,27,25,1,1,1,0,0,0,0,0,2,8,0.04,0.111,0.08,0.191,-46.0,2,0,0,0,0,0,/97,515500
194,Brett Lawrie\lawribr01,25.0,OAK,AL,149,602,562,64,146,29,3,16,60,5,2,28,144,0.26,0.299,0.407,0.706,95.0,229,8,5,3,4,1,*54/D,1925000
195,DJ LeMahieu\lemahdj01,26.0,COL,NL,150,620,564,85,170,21,5,6,61,23,3,50,107,0.301,0.358,0.388,0.746,92.0,219,20,1,3,2,4,*4,517500
196,Sandy Leon#\leonsa01,26.0,BOS,AL,41,128,114,8,21,2,0,0,3,0,1,7,28,0.184,0.238,0.202,0.439,20.0,23,4,1,6,0,1,2/D5,510400
197,Adam Lind*\lindad01,31.0,MIL,NL,149,572,502,72,139,32,0,20,87,0,0,66,100,0.277,0.36,0.46,0.82,123.0,231,7,1,0,3,11,*3/D,7500000
198,Jose Lobaton#\lobatjo01,30.0,WSN,NL,44,155,136,11,27,4,0,3,20,0,0,15,40,0.199,0.279,0.294,0.573,57.0,40,5,1,1,2,1,2,1200000
199,James Loney*\loneyja01,31.0,TBR,AL,104,388,361,25,101,16,0,4,32,2,4,23,34,0.28,0.322,0.35700000000000004,0.68,91.0,129,10,1,0,3,5,3/D,8666666
200,Evan Longoria\longoev01,29.0,TBR,AL,160,670,604,74,163,35,1,21,73,3,1,51,132,0.27,0.328,0.435,0.764,112.0,263,11,6,0,9,8,*5D,11000000
201,David Lough*\loughda01,29.0,BAL,AL,84,144,134,14,27,1,1,4,12,2,4,5,36,0.201,0.241,0.313,0.555,50.0,42,0,2,3,0,0,78/9D,525500
202,Jed Lowrie#\lowrije01,31.0,HOU,AL,69,263,230,35,51,14,0,9,30,1,0,28,43,0.222,0.312,0.4,0.7120000000000001,97.0,92,3,3,0,2,5,56/D,8000000
203,Jonathan Lucroy\lucrojo01,29.0,MIL,NL,103,415,371,51,98,20,3,7,43,1,0,36,64,0.264,0.326,0.391,0.7170000000000001,96.0,145,18,1,1,6,0,2/3D,3000000
204,Manny Machado\machama01,22.0,BAL,AL,162,713,633,102,181,30,1,35,86,20,8,70,111,0.28600000000000003,0.359,0.502,0.861,132.0,318,17,4,2,4,2,*5/6,548000
205,Martin Maldonado\maldoma01,28.0,MIL,NL,79,256,229,19,48,7,0,4,22,0,1,23,65,0.21,0.282,0.293,0.575,59.0,67,6,1,1,2,3,2/3,825000
206,Jake Marisnick\marisja01,24.0,HOU,AL,133,372,339,46,80,15,4,9,36,24,9,18,105,0.236,0.281,0.383,0.665,84.0,130,2,5,6,4,0,*879/D,511200
207,Nick Markakis*\markani01,31.0,ATL,NL,156,686,612,73,181,38,1,3,53,2,1,70,83,0.29600000000000004,0.37,0.376,0.746,109.0,230,17,3,0,1,11,*9/D,11000000
208,Starling Marte\martest01,26.0,PIT,NL,153,633,579,84,166,30,2,19,81,30,10,27,123,0.287,0.337,0.444,0.78,113.0,257,14,19,3,5,3,*78,1333333
209,Leonys Martin*\martile01,27.0,TEX,AL,95,310,288,26,63,12,0,5,25,14,5,16,69,0.219,0.264,0.313,0.5760000000000001,55.0,90,5,2,3,1,1,8/D,4750000
210,Russell Martin\martiru01,32.0,TOR,AL,129,507,441,76,106,23,2,23,77,4,5,53,106,0.24,0.329,0.458,0.787,112.0,202,22,8,0,5,1,*2/D4,7000000
211,J.D. Martinez\martijd02,27.0,DET,AL,158,657,596,93,168,33,2,38,102,3,2,53,178,0.282,0.344,0.535,0.879,139.0,319,11,5,0,3,7,*9D,3000000
212,Victor Martinez#\martivi01,36.0,DET,AL,120,485,440,39,108,20,0,11,64,0,0,31,52,0.245,0.301,0.366,0.667,84.0,161,18,7,0,7,8,D3,14000000
213,Jeff Mathis\mathije01,32.0,MIA,NL,32,103,93,9,15,4,1,2,12,0,0,7,24,0.161,0.214,0.29,0.504,39.0,27,2,0,0,3,1,2,1500000
214,Joe Mauer*\mauerjo01,32.0,MIN,AL,158,666,592,69,157,34,2,10,66,2,1,67,112,0.265,0.338,0.38,0.718,98.0,225,22,1,1,5,12,*3D,23000000
215,Justin Maxwell\maxweju01,31.0,SFG,NL,100,274,249,26,52,8,2,7,26,2,1,20,76,0.209,0.275,0.341,0.616,69.0,85,4,3,1,1,1,97/8,1000000
216,John Mayberry\maybejo02,31.0,NYM,NL,59,119,110,8,18,6,1,3,9,1,0,9,33,0.16399999999999998,0.227,0.318,0.545,50.0,35,2,0,0,0,0,79/D,1450000
217,Cameron Maybin\maybica01,28.0,ATL,NL,141,555,505,65,135,18,2,10,59,23,6,45,102,0.267,0.327,0.37,0.6970000000000001,94.0,187,16,1,1,3,1,*8,7000000
218,Brian McCann*\mccanbr01,31.0,NYY,AL,135,535,465,68,108,15,1,26,94,0,0,52,97,0.232,0.32,0.4370000000000001,0.7559999999999999,105.0,203,7,11,0,7,3,*23/D,17000000
219,James McCann\mccanja02,25.0,DET,AL,114,425,401,32,106,18,5,7,41,0,1,16,90,0.264,0.297,0.387,0.6829999999999999,88.0,155,17,3,4,1,0,*2/D,507500
220,Andrew McCutchen\mccutan01,28.0,PIT,NL,157,685,566,91,165,36,3,23,96,11,5,98,133,0.292,0.401,0.488,0.889,144.0,276,9,12,0,9,12,*8/D,10000000
221,Casey McGehee\mcgehca01,32.0,TOT/SFG/MIA,NL,109,258,237,14,47,12,0,2,20,1,1,21,50,0.198,0.264,0.274,0.5379999999999999,50.0,65,18,0,0,0,0,53/D,4800000
222,Michael McKenry\mckenmi01,30.0,COL,NL,58,152,127,20,26,7,3,4,17,2,2,22,41,0.205,0.329,0.402,0.731,86.0,51,2,2,0,1,0,2/D,1087600
223,Jordy Mercer\mercejo03,28.0,PIT,NL,116,430,394,34,96,21,0,3,34,3,2,27,73,0.244,0.293,0.32,0.613,69.0,126,7,2,4,3,7,*6,538000
224,Devin Mesoraco\mesorde01,27.0,CIN,NL,23,51,45,2,8,1,1,0,2,1,0,5,9,0.17800000000000002,0.275,0.244,0.519,44.0,11,0,1,0,0,0,/2D,2525000
225,Will Middlebrooks\middlwi01,26.0,SDP,NL,83,270,255,23,54,7,2,9,29,2,1,11,60,0.212,0.241,0.361,0.602,66.0,92,4,0,0,4,0,5/63,540500
226,Brad Miller*\millebr02,25.0,SEA,AL,144,497,438,44,113,22,4,11,46,13,4,47,101,0.258,0.329,0.402,0.73,105.0,176,7,2,4,6,0,6874D/95,527600
227,Yadier Molina\molinya01,32.0,STL,NL,136,530,488,34,132,23,2,4,61,3,1,32,59,0.27,0.31,0.35,0.66,80.0,171,16,0,1,9,3,*2/D,15000000
228,Miguel Montero*\montemi01,31.0,CHC,NL,113,403,347,36,86,11,0,15,53,1,1,49,103,0.248,0.345,0.409,0.754,108.0,142,9,4,0,3,5,*2/D,12000000
229,Kendrys Morales#\moralke01,32.0,KCR,AL,158,639,569,81,165,41,2,22,106,0,0,58,103,0.29,0.362,0.485,0.847,127.0,276,24,8,0,4,4,*D/3,6500000
230,Mitch Moreland*\morelmi01,29.0,TEX,AL,132,515,471,51,131,27,0,23,85,1,0,32,112,0.278,0.33,0.482,0.812,116.0,227,9,7,0,5,2,*3/D,2950000
231,Justin Morneau*\morneju01,34.0,COL,NL,49,182,168,19,52,10,3,3,15,0,0,13,25,0.31,0.363,0.458,0.821,109.0,77,2,1,0,0,2,3/D,6750000
232,Logan Morrison*\morrilo01,27.0,SEA,AL,146,511,457,47,103,15,3,17,54,8,4,47,81,0.225,0.302,0.383,0.685,92.0,175,7,4,1,2,5,*3/9D7,2725000
233,Brandon Moss*\mossbr01,31.0,TOT/CLE/STL,MLB/AL/NL,145,526,469,47,106,24,2,19,58,0,1,49,148,0.226,0.304,0.407,0.711,90.0,191,12,5,0,3,4,937/D,6500000
234,Mike Moustakas*\moustmi01,26.0,KCR,AL,147,614,549,73,156,34,1,22,82,1,2,43,76,0.284,0.348,0.47,0.8170000000000001,119.0,258,14,13,4,5,1,*5,2640000
235,Daniel Murphy*\murphda08,30.0,NYM,NL,130,538,499,56,140,38,2,14,73,2,2,31,38,0.281,0.322,0.449,0.77,111.0,224,15,2,0,6,10,453/D,8000000
236,John Ryan Murphy\murphjr01,24.0,NYY,AL,67,172,155,21,43,9,1,3,14,0,0,12,43,0.277,0.327,0.406,0.7340000000000001,100.0,63,4,1,1,3,0,2/D,518700
237,Wil Myers\myerswi01,24.0,SDP,NL,60,253,225,40,57,13,1,8,29,5,2,27,55,0.253,0.336,0.4270000000000001,0.763,112.0,96,2,1,0,0,0,83/79,519800
238,Mike Napoli\napolmi01,33.0,TOT/BOS/TEX,AL,133,469,407,46,91,20,1,18,50,3,3,57,118,0.224,0.324,0.41,0.7340000000000001,96.0,167,11,4,0,1,3,*37/D,16000000
239,Daniel Nava#\navada01,32.0,TOT/BOS/TBR,AL,60,166,139,13,27,4,0,1,10,1,0,20,36,0.194,0.315,0.245,0.56,57.0,34,4,5,1,1,0,937/D,1850000
240,Dioner Navarro#\navardi01,31.0,TOR,AL,54,192,171,17,42,7,0,5,20,0,0,17,29,0.246,0.307,0.374,0.682,85.0,64,0,0,0,4,1,2D,5000000
241,Efren Navarro*\navaref01,29.0,LAA,AL,54,88,83,9,21,4,0,0,5,0,2,5,16,0.253,0.295,0.301,0.597,70.0,25,5,0,0,0,1,37/9D,511000
242,Kristopher Negron\negrokr01,29.0,CIN,NL,43,107,93,5,13,2,0,0,2,2,0,9,23,0.14,0.238,0.161,0.399,13.0,15,2,3,2,0,0,76/48359,512500
243,Kirk Nieuwenhuis*\nieuwki01,27.0,TOT/NYM/LAA,MLB/NL/AL,74,141,128,21,25,11,0,4,14,2,2,10,49,0.195,0.27,0.375,0.645,77.0,48,2,3,0,0,0,78/9,525415
244,Wil Nieves\nievewi01,37.0,SDP,NL,6,14,13,1,1,0,0,1,4,0,0,1,4,0.077,0.14300000000000002,0.308,0.451,22.0,4,0,0,0,0,0,/23,850000
245,Derek Norris\norride01,26.0,SDP,NL,147,557,515,65,129,33,2,14,62,4,1,35,131,0.25,0.305,0.404,0.7090000000000001,97.0,208,5,6,0,1,1,*23/D,545000
246,Eduardo Nunez\nunezed02,28.0,MIN,AL,72,204,188,23,53,14,1,4,20,8,4,12,29,0.282,0.327,0.431,0.758,107.0,81,1,1,2,1,0,65D/74,1025000
247,Rougned Odor*\odorro01,21.0,TEX,AL,120,470,426,54,111,21,9,16,61,6,7,23,79,0.261,0.316,0.465,0.7809999999999999,107.0,198,3,14,2,5,2,*4,513850
248,Mike Olt\oltmi01,26.0,TOT/CHC/CHW,MLB/NL/AL,30,102,94,7,18,0,0,4,5,0,1,7,35,0.191,0.255,0.319,0.574,60.0,30,2,1,0,0,0,5/3,520000
249,David Ortiz*\ortizda01,39.0,BOS,AL,146,614,528,73,144,37,0,37,108,0,1,77,95,0.273,0.36,0.5529999999999999,0.913,140.0,292,16,0,0,9,16,*D/3,16000000
250,Chris Owings\owingch01,23.0,ARI,NL,147,552,515,59,117,27,5,4,43,16,4,26,144,0.227,0.264,0.322,0.5870000000000001,57.0,166,9,1,7,3,3,*46,512500
251,Marcell Ozuna\ozunama01,24.0,MIA,NL,123,494,459,47,119,27,0,10,44,2,3,30,110,0.259,0.308,0.383,0.691,92.0,176,10,3,0,2,1,*89,545000
252,Jordan Pacheco\pachejo01,29.0,ARI,NL,29,78,66,8,16,0,0,2,8,1,0,9,14,0.242,0.333,0.333,0.667,80.0,22,6,1,0,2,0,2/35,900000
253,Angel Pagan#\paganan01,33.0,SFG,NL,133,551,512,55,134,21,3,3,37,12,4,32,93,0.262,0.303,0.332,0.635,75.0,170,12,1,0,6,0,*8/D,10250000
254,Joe Panik*\panikjo01,24.0,SFG,NL,100,432,382,59,119,27,2,8,37,3,2,38,42,0.312,0.378,0.455,0.833,129.0,174,7,5,3,4,0,4,522500
255,Jimmy Paredes#\paredji01,26.0,BAL,AL,104,384,363,46,100,17,2,10,42,4,4,19,111,0.275,0.31,0.416,0.726,96.0,151,8,0,0,2,0,D/5497,515000
256,Gerardo Parra*\parrage01,28.0,TOT/MIL/BAL,MLB/NL/AL,155,589,547,83,159,36,5,14,51,14,4,28,92,0.29100000000000004,0.328,0.452,0.78,111.0,247,8,5,4,5,3,*978,6237500
257,Steve Pearce\pearcst01,32.0,BAL,AL,92,325,294,42,64,13,1,15,40,1,1,23,69,0.218,0.289,0.422,0.711,91.0,124,11,7,0,1,1,734/9D,3700000
258,Joc Pederson*\pederjo01,23.0,LAD,NL,151,585,480,67,101,19,1,26,54,4,7,92,170,0.21,0.34600000000000003,0.417,0.763,113.0,200,5,9,2,2,6,*8,510000
259,Dustin Pedroia\pedrodu01,31.0,BOS,AL,93,425,381,46,111,19,1,12,42,2,2,38,51,0.29100000000000004,0.35600000000000004,0.441,0.797,112.0,168,6,2,1,3,1,4/D,12500000
260,Brayan Pena#\penabr01,33.0,CIN,NL,108,367,333,17,91,17,0,0,18,2,0,29,34,0.273,0.334,0.324,0.659,82.0,108,10,2,2,1,1,2/3D,1400000
261,Hunter Pence\pencehu01,32.0,SFG,NL,52,223,207,30,57,13,1,9,40,4,1,16,48,0.275,0.327,0.478,0.8059999999999999,119.0,99,8,0,0,0,0,9/D,18500000
262,Cliff Pennington#\pennicl01,31.0,TOT/ARI/TOR,MLB/NL/AL,105,249,210,24,44,6,0,3,21,3,0,27,49,0.21,0.298,0.281,0.578,58.0,59,6,1,7,4,2,465/7D,3275000
263,David Peralta*\peralda01,27.0,ARI,NL,149,517,462,61,144,26,10,17,78,9,4,44,107,0.312,0.371,0.522,0.893,137.0,241,7,4,0,7,2,*7/98,1024000
264,Jhonny Peralta\peraljh01,33.0,STL,NL,155,640,579,64,159,26,1,17,71,1,4,50,111,0.275,0.334,0.411,0.745,103.0,238,23,5,0,6,6,*6/D,15000000
265,Hernan Perez\perezhe01,24.0,TOT/DET/MIL,MLB/AL/NL,112,272,263,14,64,15,2,1,21,5,1,5,59,0.243,0.257,0.327,0.584,59.0,86,6,0,3,1,1,54/36D,508500
266,Roberto Perez\perezro02,26.0,CLE,AL,70,226,184,30,42,9,1,7,21,0,0,33,64,0.228,0.348,0.402,0.7509999999999999,101.0,74,9,2,5,2,1,2/D,508600
267,Salvador Perez\perezsa02,25.0,KCR,AL,142,553,531,52,138,25,0,21,70,1,0,13,82,0.26,0.28,0.426,0.706,88.0,226,23,4,0,5,4,*2/D3,1750000
268,Jace Peterson*\peterja01,25.0,ATL,NL,152,597,528,55,126,23,5,6,52,12,10,56,120,0.239,0.314,0.335,0.649,81.0,177,5,3,7,3,4,*4,507500
269,Gregorio Petit\petitgr01,30.0,NYY,AL,20,47,42,7,7,3,0,0,5,0,0,3,16,0.16699999999999998,0.217,0.238,0.455,25.0,10,0,0,1,1,1,4/5D,510000
270,Josh Phegley\phegljo01,27.0,OAK,AL,73,243,225,27,56,16,1,9,34,0,0,14,51,0.249,0.3,0.449,0.7490000000000001,106.0,101,5,3,0,1,0,2,510000
271,Brandon Phillips\phillbr01,34.0,CIN,NL,148,623,588,69,173,19,2,12,70,23,3,27,68,0.294,0.328,0.395,0.723,97.0,232,13,4,1,3,1,*4/6,12000000
272,A.J. Pierzynski*\pierza.01,38.0,ATL,NL,113,436,407,38,122,24,1,9,49,0,2,19,37,0.3,0.339,0.43,0.769,112.0,175,19,7,0,3,2,2/D,2000000
273,Kevin Pillar\pillake01,26.0,TOR,AL,159,628,586,76,163,31,2,12,56,25,4,28,85,0.278,0.314,0.399,0.713,93.0,234,9,5,4,5,1,*87/9,512000
274,Jose Pirela\pireljo01,25.0,NYY,AL,37,78,74,7,17,3,0,1,5,1,0,2,16,0.23,0.247,0.311,0.5579999999999999,52.0,23,4,0,1,1,0,4/D79,510000
275,Trevor Plouffe\plouftr01,29.0,MIN,AL,152,632,573,74,140,35,4,22,86,2,1,50,124,0.244,0.307,0.435,0.742,102.0,249,28,4,1,4,0,*53,4800000
276,Gregory Polanco*\polangr01,23.0,PIT,NL,153,652,593,83,152,35,6,9,52,27,10,55,121,0.256,0.32,0.381,0.701,92.0,226,5,1,1,2,6,*9/78,525000
277,A.J. Pollock\polloaj01,27.0,ARI,NL,157,673,609,111,192,39,6,20,76,39,7,53,89,0.315,0.3670000000000001,0.498,0.865,130.0,303,19,2,0,9,0,*8,519500
278,Dalton Pompey#\pompeda01,22.0,TOR,AL,34,103,94,17,21,8,0,2,6,5,1,7,23,0.223,0.29100000000000004,0.3720000000000001,0.664,79.0,35,1,2,0,0,0,8/7D,508500
279,Buster Posey\poseybu01,28.0,SFG,NL,150,623,557,74,177,28,0,19,95,2,0,56,52,0.318,0.379,0.47,0.8490000000000001,133.0,262,17,3,0,7,10,23/D,16500000
280,Martin Prado\pradoma01,31.0,MIA,NL,129,551,500,52,144,22,2,9,63,1,0,37,68,0.28800000000000003,0.338,0.394,0.732,104.0,197,9,5,1,8,4,*54,11000000
281,Alex Presley*\preslal01,29.0,HOU,AL,8,13,12,1,3,0,0,0,1,0,0,1,5,0.25,0.308,0.25,0.5579999999999999,59.0,3,0,0,0,0,0,/789,1000000
282,Yasiel Puig\puigya01,24.0,LAD,NL,79,311,282,30,72,12,3,11,38,3,3,26,66,0.255,0.322,0.436,0.758,110.0,123,1,2,0,1,1,9,6214000
283,Albert Pujols\pujolal01,35.0,LAA,AL,157,661,602,85,147,22,0,40,95,5,3,50,72,0.244,0.307,0.48,0.787,118.0,289,15,6,0,3,10,3D/5,24000000
284,Hanley Ramirez\ramirha01,31.0,BOS,AL,105,430,401,59,100,12,1,19,53,6,3,21,71,0.249,0.29100000000000004,0.426,0.7170000000000001,89.0,171,11,4,0,4,2,7D/5,19750000
285,Jose Ramirez#\ramirjo01,22.0,CLE,AL,97,355,315,50,69,14,3,6,27,10,4,32,39,0.219,0.29100000000000004,0.34,0.631,69.0,107,5,1,5,2,0,645/7D,511300
286,Wilson Ramos\ramoswi01,27.0,WSN,NL,128,504,475,41,109,16,0,15,68,0,0,21,101,0.229,0.258,0.358,0.616,66.0,170,16,0,0,8,2,*2/D,3550000
287,Colby Rasmus*\rasmuco01,28.0,HOU,AL,137,485,432,67,103,23,2,25,61,2,1,47,154,0.238,0.314,0.475,0.789,116.0,205,6,2,1,3,0,*789,8000000
288,Anthony Recker\reckean01,31.0,NYM,NL,32,92,80,6,10,1,0,2,5,1,0,11,35,0.125,0.239,0.213,0.452,27.0,17,1,1,0,0,2,2/35,517880
289,Josh Reddick*\reddijo01,28.0,OAK,AL,149,582,526,67,143,25,4,20,77,10,2,49,65,0.272,0.333,0.449,0.7809999999999999,116.0,236,7,0,1,2,1,*9/D8,4100000
290,Anthony Rendon\rendoan01,25.0,WSN,NL,80,355,311,43,82,16,0,5,25,1,2,36,70,0.264,0.344,0.363,0.7070000000000001,93.0,113,8,4,0,4,0,45,2500000
291,Ben Revere*\reverbe01,27.0,TOT/PHI/TOR,MLB/NL/AL,152,634,592,84,181,22,7,2,45,31,7,32,64,0.306,0.342,0.377,0.7190000000000001,98.0,223,5,2,5,3,0,*789,4100000
292,Mark Reynolds\reynoma01,31.0,STL,NL,140,432,382,35,88,21,2,13,48,2,3,44,121,0.23,0.315,0.398,0.713,93.0,152,10,4,0,2,2,35/7D49,2000000
293,Alex Rios\riosal01,34.0,KCR,AL,105,411,385,40,98,22,2,4,32,9,0,15,67,0.255,0.287,0.353,0.64,73.0,136,10,5,0,6,0,9,11000000
294,Rene Rivera\riverre01,31.0,TBR,AL,110,319,298,16,53,14,0,5,26,0,0,11,86,0.17800000000000002,0.213,0.275,0.489,36.0,82,4,3,5,2,0,2/3D,1200000
295,Anthony Rizzo*\rizzoan01,25.0,CHC,NL,160,701,586,94,163,38,3,31,101,17,6,78,105,0.278,0.387,0.512,0.899,146.0,300,9,30,0,7,9,*3,5000000
296,Daniel Robertson\roberda09,29.0,LAA,AL,37,80,75,10,21,2,0,0,7,0,0,2,7,0.28,0.299,0.307,0.605,72.0,23,1,0,3,0,1,7/89,511250
297,Alex Rodriguez\rodrial01,39.0,NYY,AL,151,620,523,83,131,22,1,33,86,4,0,84,145,0.25,0.35600000000000004,0.486,0.8420000000000001,129.0,254,17,6,0,7,5,*D/53,22000000
298,Sean Rodriguez\rodrise01,30.0,PIT,NL,139,240,224,25,55,12,1,4,17,2,2,5,63,0.246,0.281,0.362,0.642,76.0,81,9,6,5,0,0,379/546,1900000
299,Jason Rogers\rogerja02,27.0,MIL,NL,86,169,152,22,45,6,2,4,16,0,0,15,34,0.29600000000000004,0.3670000000000001,0.441,0.8079999999999999,121.0,67,2,2,0,0,0,3/57D,507500
300,Jimmy Rollins#\rolliji01,36.0,LAD,NL,144,563,517,71,116,24,3,13,41,12,8,44,86,0.224,0.285,0.358,0.643,79.0,185,12,0,1,1,0,*6,11000000
301,Andrew Romine#\rominan01,29.0,DET,AL,109,203,184,25,47,5,0,2,15,10,5,11,46,0.255,0.307,0.315,0.622,73.0,58,4,3,4,1,1,5634/7D,520000
302,Austin Romine\rominau01,26.0,NYY,AL,1,2,2,0,0,0,0,0,0,0,0,0,0,0.0,0.0,0.0,0.0,-100.0,0,0,0,0,0,0,/3,554100
303,Wilin Rosario\rosarwi01,26.0,COL,NL,87,242,231,22,62,14,1,6,29,2,1,8,56,0.268,0.295,0.416,0.71,79.0,96,8,1,1,1,2,3/D2,2800000
304,Ryan Rua\ruary01,25.0,TEX,AL,28,86,83,10,16,5,0,4,7,0,0,3,32,0.193,0.221,0.398,0.619,62.0,33,2,0,0,0,0,7/39,508500
305,Darin Ruf\rufda01,28.0,PHI,NL,106,297,268,30,63,12,0,12,39,1,0,21,69,0.235,0.3,0.414,0.7140000000000001,96.0,111,7,5,0,3,0,37,515000
306,Justin Ruggiano\ruggiju01,33.0,TOT/SEA/LAD,MLB/AL/NL,57,141,125,20,31,8,1,6,15,5,2,14,41,0.248,0.333,0.472,0.805,123.0,59,1,2,0,0,0,789/D,2505000
307,Carlos Ruiz\ruizca01,36.0,PHI,NL,86,320,284,23,60,13,1,2,22,1,1,28,43,0.211,0.29,0.285,0.575,61.0,81,13,4,3,1,2,2,8500000
308,Cameron Rupp\ruppca01,26.0,PHI,NL,81,299,270,24,63,9,1,9,28,0,1,24,71,0.233,0.301,0.374,0.675,87.0,101,8,3,0,2,5,2,508000
309,Hector Sanchez#\sanchhe01,25.0,SFG,NL,28,59,56,5,10,4,0,1,5,0,0,2,14,0.179,0.207,0.304,0.51,39.0,17,1,0,1,0,0,2,800000
310,Tony Sanchez\sanchto01,27.0,PIT,NL,3,9,8,2,3,0,0,0,0,0,0,1,3,0.375,0.444,0.375,0.8190000000000001,130.0,3,0,0,0,0,0,/2,518000
311,Yolmer Sanchez#\sanchca01,23.0,CHW,AL,120,420,389,40,87,23,1,5,31,2,2,19,81,0.224,0.268,0.326,0.595,66.0,127,9,5,6,1,0,*4/D,510000
312,Pablo Sandoval#\sandopa01,28.0,BOS,AL,126,505,470,43,115,25,1,10,47,0,0,25,73,0.245,0.292,0.366,0.6579999999999999,75.0,172,14,7,1,2,1,*5,17600000
313,Carlos Santana#\santaca01,29.0,CLE,AL,154,666,550,72,127,29,2,19,85,11,3,108,122,0.231,0.35700000000000004,0.395,0.752,102.0,217,20,3,0,5,8,*3D,6000000
314,Danny Santana#\santada01,24.0,MIN,AL,91,277,261,30,56,10,5,0,21,8,4,6,68,0.215,0.241,0.29100000000000004,0.532,46.0,76,7,3,7,0,1,6/8D9,530000
315,Michael Saunders*\saundmi01,28.0,TOR,AL,9,36,31,2,6,0,0,0,3,0,0,5,10,0.194,0.306,0.194,0.499,41.0,6,1,0,0,0,0,/97,2875000
316,Jordan Schafer*\schafjo02,28.0,MIN,AL,27,74,69,9,15,3,0,0,5,0,3,3,23,0.217,0.25,0.261,0.511,42.0,18,0,0,2,0,0,8/7,1550000
317,Logan Schafer*\schaflo01,28.0,MIL,NL,69,143,122,17,27,6,1,1,6,1,0,12,29,0.221,0.299,0.311,0.611,68.0,38,3,2,6,1,0,8/7,510500
318,Jonathan Schoop\schoojo01,23.0,BAL,AL,86,321,305,34,85,17,0,15,39,2,0,9,79,0.279,0.306,0.482,0.7879999999999999,111.0,147,9,4,1,2,0,4,515000
319,Skip Schumaker*\schumsk01,35.0,CIN,NL,131,268,244,23,59,20,0,1,21,2,2,23,51,0.242,0.306,0.336,0.642,76.0,82,7,0,0,1,2,74/98D,2500000
320,Kyle Seager*\seageky01,27.0,SEA,AL,161,686,623,85,166,37,0,26,74,6,6,54,98,0.266,0.328,0.451,0.779,117.0,281,17,5,0,4,6,*5/6,4500000
321,Jean Segura\segurje01,25.0,MIL,NL,142,584,560,57,144,16,5,6,50,25,6,13,93,0.257,0.281,0.336,0.616,68.0,188,14,6,3,2,2,*6,534000
322,Marcus Semien\semiema01,24.0,OAK,AL,155,601,556,65,143,23,7,15,45,11,5,42,132,0.257,0.31,0.405,0.715,98.0,225,16,1,1,1,1,*6,510000
323,JB Shuck*\shuckja01,28.0,CHW,AL,79,165,143,15,38,8,2,0,15,7,5,16,16,0.266,0.34,0.35,0.6890000000000001,95.0,50,2,1,3,2,0,987,516000
324,Andrelton Simmons\simmoan01,25.0,ATL,NL,147,583,535,60,142,23,2,4,44,5,3,39,48,0.265,0.321,0.338,0.66,84.0,181,19,6,1,2,6,*6,3000000
325,Jon Singleton*\singljo02,23.0,HOU,AL,19,58,47,6,9,2,0,1,6,1,0,10,17,0.191,0.328,0.298,0.625,77.0,14,0,0,0,1,0,3/D,2000000
326,Grady Sizemore*\sizemgr01,32.0,TOT/PHI/TBR,MLB/NL/AL,97,296,273,24,69,17,0,6,33,3,3,20,60,0.253,0.307,0.381,0.688,91.0,104,3,2,0,1,0,97D,2000000
327,Seth Smith*\smithse01,32.0,SEA,AL,136,452,395,54,98,31,5,12,42,0,0,47,99,0.248,0.33,0.443,0.773,116.0,175,15,4,1,5,4,*79D,6000000
328,Justin Smoak#\smoakju01,28.0,TOR,AL,132,328,296,44,67,16,1,18,59,0,0,29,86,0.226,0.299,0.47,0.768,105.0,139,10,2,0,1,0,*3/D,1000000
329,Jake Smolinski\smolija01,26.0,TOT/TEX/OAK,AL,76,192,166,24,32,7,2,6,26,1,1,19,39,0.193,0.281,0.3670000000000001,0.649,77.0,61,3,3,0,4,0,79/D,508500
330,Travis Snider*\snidetr01,27.0,TOT/BAL/PIT,MLB/AL/NL,87,265,237,24,55,12,2,4,28,1,0,26,66,0.232,0.313,0.35,0.6629999999999999,82.0,83,3,2,0,0,2,79/D,2100000
331,Eric Sogard*\sogarer01,29.0,OAK,AL,120,401,372,40,92,12,3,1,37,6,1,23,50,0.247,0.294,0.304,0.598,68.0,113,9,2,3,1,1,46/D5,1075000
332,Donovan Solano\solando01,27.0,MIA,NL,55,94,90,6,17,3,1,0,7,0,0,1,18,0.189,0.215,0.244,0.459,28.0,22,4,2,1,0,0,56/4,531500
333,Yangervis Solarte#\solarya01,27.0,SDP,NL,152,571,526,63,142,33,4,14,63,1,0,34,56,0.27,0.32,0.428,0.748,108.0,225,15,6,2,3,0,534/D,516400
334,Jorge Soler\solerjo01,23.0,CHC,NL,101,404,366,39,96,18,1,10,47,3,1,32,121,0.262,0.324,0.399,0.723,99.0,146,9,3,0,3,5,9/D,2666667
335,Geovany Soto\sotoge01,32.0,CHW,AL,78,210,187,20,41,8,0,9,21,0,1,21,63,0.219,0.301,0.406,0.708,96.0,76,2,1,1,0,0,2/D,1500000
336,Steven Souza Jr.\souzast01,26.0,TBR,AL,110,426,373,59,84,15,1,16,40,12,6,46,144,0.225,0.318,0.399,0.7170000000000001,100.0,149,7,5,1,1,0,9/D,508700
337,Denard Span*\spande01,31.0,WSN,NL,61,275,246,38,74,17,0,5,22,11,0,25,26,0.301,0.365,0.431,0.7959999999999999,116.0,106,5,1,1,2,0,8,9000000
338,Cory Spangenberg*\spangco01,24.0,SDP,NL,108,345,303,38,82,17,5,4,21,9,4,28,75,0.271,0.333,0.399,0.733,105.0,121,4,2,8,3,1,45/98D7,508500
339,George Springer\springe01,25.0,HOU,AL,102,451,388,59,107,19,2,16,41,16,4,50,109,0.276,0.3670000000000001,0.459,0.826,129.0,178,4,8,2,3,0,98,512900
340,Giancarlo Stanton\stantmi03,25.0,MIA,NL,74,318,279,47,74,12,1,27,67,4,2,34,95,0.265,0.34600000000000003,0.606,0.952,159.0,169,5,2,0,3,6,9/D,6500000
341,Chris Stewart\stewach01,33.0,PIT,NL,58,172,159,9,46,8,0,0,15,0,0,6,29,0.289,0.32,0.34,0.659,82.0,54,3,2,3,2,0,2,1225000
342,Drew Stubbs\stubbdr01,30.0,TOT/COL/TEX,MLB/NL/AL,78,140,123,20,24,4,2,5,10,5,1,14,60,0.195,0.28300000000000003,0.382,0.665,70.0,47,1,1,2,0,1,87/9D,5825000
343,Kurt Suzuki\suzukku01,31.0,MIN,AL,131,479,433,36,104,17,0,5,50,0,0,29,59,0.24,0.29600000000000004,0.314,0.61,69.0,136,14,7,6,4,4,*2,6000000
344,Matt Szczur\szczuma01,25.0,CHC,NL,47,80,72,5,16,5,0,1,8,2,0,6,15,0.222,0.278,0.333,0.612,69.0,24,1,0,1,1,0,7/89,508500
345,Jose Tabata\tabatjo01,26.0,PIT,NL,27,41,38,2,11,0,0,0,4,0,1,2,7,0.289,0.341,0.289,0.631,77.0,11,3,1,0,0,0,/97D,4000000
346,Chris Taylor\tayloch03,24.0,SEA,AL,37,102,94,9,16,3,1,0,1,3,2,6,31,0.17,0.22,0.223,0.443,26.0,21,0,0,2,0,0,6/4D5,512400
347,Michael A. Taylor\taylomi02,24.0,WSN,NL,138,511,472,49,108,15,2,14,63,16,3,35,158,0.229,0.282,0.358,0.64,73.0,169,5,1,1,2,9,*87/9,508700
348,Mark Teixeira#\teixema01,35.0,NYY,AL,111,462,392,57,100,22,0,31,79,2,0,59,85,0.255,0.35700000000000004,0.5479999999999999,0.906,144.0,215,7,6,0,5,6,3/D,23125000
349,Ruben Tejada\tejadru01,25.0,NYM,NL,116,407,360,36,94,23,0,3,28,2,1,38,70,0.261,0.338,0.35,0.688,92.0,126,6,5,2,2,5,654,1880000
350,Joey Terdoslavich#\terdojo01,26.0,ATL,NL,28,59,56,5,12,4,1,1,4,0,0,3,14,0.214,0.254,0.375,0.629,72.0,21,1,0,0,0,1,3/7,507500
351,Josh Thole*\tholejo01,28.0,TOR,AL,18,52,49,5,10,2,0,0,2,0,0,3,9,0.204,0.25,0.245,0.495,36.0,12,2,0,0,0,0,2,1750000
352,Steven Tolleson\tollest01,31.0,TOR,AL,19,45,41,9,11,5,1,0,3,2,0,4,9,0.268,0.333,0.439,0.772,108.0,18,1,0,0,0,0,4/679,517300
353,Yasmany Tomas\tomasya01,24.0,ARI,NL,118,426,406,40,111,19,3,9,48,5,2,17,110,0.273,0.305,0.401,0.7070000000000001,88.0,163,16,2,0,1,0,95/73D,5500000
354,Mike Trout\troutmi01,23.0,LAA,AL,159,682,575,104,172,32,6,41,90,11,7,92,158,0.299,0.402,0.59,0.991,176.0,339,11,10,0,5,14,*8/D,6083000
355,Justin Turner\turneju01,30.0,LAD,NL,126,439,385,55,113,26,1,16,60,5,2,36,71,0.294,0.37,0.491,0.861,139.0,189,10,13,1,4,1,53/46,2500000
356,Dan Uggla\ugglada01,35.0,WSN,NL,67,141,120,12,22,4,2,2,16,0,1,19,40,0.183,0.298,0.3,0.598,64.0,36,3,1,0,1,0,4/3D,507500
357,Justin Upton\uptonju01,27.0,SDP,NL,150,620,542,85,136,26,3,26,81,19,5,68,159,0.251,0.336,0.454,0.79,119.0,246,10,4,0,5,5,*7/D,14500000
358,Melvin Upton Jr.\uptonbj01,30.0,SDP,NL,87,228,205,23,53,12,4,5,17,9,3,21,62,0.259,0.327,0.429,0.757,110.0,88,1,0,2,0,2,8,14450000
359,Luis Valbuena*\valbulu01,29.0,HOU,AL,132,493,434,62,97,18,0,25,56,1,0,50,106,0.224,0.31,0.438,0.748,106.0,190,13,6,0,3,1,53/D4,4200000
360,Danny Valencia\valenda01,30.0,TOT/TOR/OAK,AL,105,378,345,59,100,23,1,18,66,2,2,29,80,0.29,0.345,0.519,0.8640000000000001,134.0,179,13,1,1,2,3,57/394D,1675000
361,Scott Van Slyke\vanslsc01,28.0,LAD,NL,96,253,222,19,53,14,0,6,30,3,1,23,62,0.239,0.317,0.383,0.7,96.0,85,5,4,1,3,2,793/8D,522500
362,Kennys Vargas#\vargake01,24.0,MIN,AL,58,184,175,18,42,4,0,5,17,0,0,9,54,0.24,0.277,0.349,0.626,71.0,61,7,0,0,0,0,D3,517500
363,Will Venable*\venabwi01,32.0,TOT/SDP/TEX,MLB/NL/AL,135,390,349,40,85,13,3,6,33,16,1,37,94,0.244,0.32,0.35,0.669,87.0,122,8,2,2,0,3,*879,4250000
364,Shane Victorino\victosh01,34.0,TOT/BOS/LAA,AL,71,204,178,19,41,4,2,1,7,7,0,16,32,0.23,0.308,0.292,0.601,67.0,52,4,5,3,2,1,97/8,13000000
365,Stephen Vogt*\vogtst01,30.0,OAK,AL,136,511,445,58,116,21,3,18,71,0,2,56,97,0.261,0.341,0.443,0.7829999999999999,117.0,197,9,2,0,8,6,23/D,512500
366,Joey Votto*\vottojo01,31.0,CIN,NL,158,695,545,95,171,33,2,29,80,11,3,143,135,0.314,0.459,0.541,1.0,174.0,295,11,5,0,2,15,*3,14000000
367,Neil Walker#\walkene01,29.0,PIT,NL,151,603,543,69,146,32,3,16,71,4,1,44,110,0.269,0.328,0.4270000000000001,0.7559999999999999,106.0,232,9,8,0,8,5,*4,8000000
368,Zach Walters#\walteza01,25.0,CLE,AL,12,30,30,0,4,0,0,0,3,0,0,0,15,0.133,0.133,0.133,0.267,-28.0,4,0,0,0,0,0,/74569,509600
369,Rickie Weeks\weeksri01,32.0,SEA,AL,37,95,84,7,14,1,0,2,9,0,0,9,25,0.16699999999999998,0.263,0.25,0.513,46.0,21,3,2,0,0,0,7D,2000000
370,Jayson Werth\werthja01,36.0,WSN,NL,88,378,331,51,73,16,1,12,42,0,1,38,84,0.221,0.302,0.384,0.685,85.0,127,8,3,0,6,0,79/D,21000000
371,Matt Wieters#\wietema01,29.0,BAL,AL,75,282,258,24,69,14,1,8,25,0,0,21,67,0.267,0.319,0.422,0.742,101.0,109,4,0,0,3,0,2D/3,8300000
372,Bobby Wilson\wilsobo02,32.0,TOT/TBR/TEX,AL,56,147,132,8,25,5,0,1,14,0,1,11,39,0.189,0.255,0.25,0.505,40.0,33,1,1,2,1,0,2/D,700000
373,Kolten Wong*\wongko01,24.0,STL,NL,150,613,557,71,146,28,4,11,61,15,8,36,95,0.262,0.321,0.386,0.7070000000000001,93.0,215,10,15,0,5,2,*4,520000
374,David Wright\wrighda03,32.0,NYM,NL,38,174,152,24,44,7,0,5,17,2,1,22,36,0.289,0.379,0.434,0.8140000000000001,126.0,66,4,0,0,0,0,5,20000000
375,Christian Yelich*\yelicch01,23.0,MIA,NL,126,525,476,63,143,30,2,7,44,16,5,47,101,0.3,0.366,0.416,0.782,118.0,198,13,2,0,0,2,*78,570000
376,Chris Young\youngch04,31.0,NYY,AL,140,356,318,53,80,20,1,14,42,3,1,30,73,0.252,0.32,0.453,0.773,109.0,144,6,3,3,2,2,*978/D,2500000
377,Delmon Young\youngde03,29.0,BAL,AL,52,180,174,20,47,6,0,2,16,0,0,4,29,0.27,0.289,0.339,0.628,71.0,59,8,1,0,1,0,9/D7,2250000
378,Eric Young Jr.#\younger03,30.0,TOT/ATL/NYM,NL,53,94,85,16,13,4,2,0,5,6,2,6,18,0.153,0.217,0.247,0.464,29.0,21,1,1,2,0,1,78/9,1000000
379,Ryan Zimmerman\zimmery01,30.0,WSN,NL,95,390,346,43,86,25,1,16,73,1,0,33,79,0.249,0.308,0.465,0.773,107.0,161,13,1,0,10,0,3/7,14000000
380,Mike Zunino\zuninmi01,24.0,SEA,AL,112,386,350,28,61,11,0,11,28,0,1,21,132,0.174,0.23,0.3,0.53,48.0,105,6,5,8,2,0,*2,523500
